domain,count,commercial
gmail.com,10522,0
posit.co,325,0
hotmail.com,279,0
outlook.com,262,0
umich.edu,214,0
R-project.org,211,0
rstudio.com,205,0
163.com,182,0
roche.com,166,1
uw.edu,143,0
inrae.fr,138,0
yahoo.com,125,0
icar.gov.in,124,0
protonmail.com,121,0
case.edu,105,0
berkeley.edu,103,0
umn.edu,103,0
columbia.edu,94,0
wisc.edu,93,0
monash.edu,92,0
lshtm.ac.uk,92,0
stanford.edu,91,0
yale.edu,89,0
ndorms.ox.ac.uk,88,0
duke.edu,81,0
illinois.edu,78,0
ucl.ac.uk,77,0
ucdavis.edu,73,0
appsilon.com,73,1
stat.math.ethz.ch,72,0
fas.harvard.edu,72,0
uwaterloo.ca,70,0
kuleuven.be,69,0
posteo.de,67,0
googlemail.com,66,0
cornell.edu,66,0
iastate.edu,63,0
auckland.ac.nz,63,0
unal.edu.co,63,0
gmx.de,62,0
lancaster.ac.uk,62,0
bsc.es,62,0
medisin.uio.no,60,0
epa.gov,60,0
outlook.fr,59,0
psu.edu,59,0
ucla.edu,59,0
uiowa.edu,59,0
r-project.org,58,0
gmx.net,57,0
imperial.ac.uk,56,0
debian.org,56,0
noaa.gov,56,0
usgs.gov,56,0
wur.nl,55,0
bristol.ac.uk,53,0
usc.edu,53,0
ncsu.edu,52,0
jhu.edu,52,0
msu.edu,50,0
stat.uni-muenchen.de,50,0
helsinki.fi,50,0
cam.ac.uk,50,0
manchester.ac.uk,50,0
uva.nl,49,0
stat.ubc.ca,49,0
statistik.tu-dortmund.de,48,0
wu.ac.at,47,0
uconn.edu,46,0
mcmaster.ca,46,0
mailbox.org,45,0
web.de,45,0
uvigo.es,45,0
novartis.com,44,1
qq.com,44,0
u-bordeaux.fr,44,0
vanderbilt.edu,44,0
ugr.es,44,0
nyu.edu,43,0
lse.ac.uk,43,0
hsph.harvard.edu,43,0
gmx.at,43,0
ujaen.es,43,0
braju.com,42,0
unsw.edu.au,42,0
emory.edu,42,0
uhasselt.be,42,0
uchicago.edu,41,0
usal.es,41,0
austin.utexas.edu,41,0
ed.ac.uk,40,0
ucsd.edu,40,0
math.aau.dk,40,0
umontreal.ca,40,0
certara.com,40,1
rug.nl,39,0
princeton.edu,39,0
nd.edu,39,0
merck.com,39,1
uni-muenster.de,39,0
uni-goettingen.de,39,0
uoc.gr,39,0
fredhutch.org,39,0
csiro.au,39,0
ubc.ca,37,0
warwick.ac.uk,37,0
durham.ac.uk,37,0
mcgill.ca,37,0
pm.me,37,0
ufl.edu,36,0
uv.es,36,0
mail.utoronto.ca,36,0
cnrs.fr,36,0
poissonconsulting.ca,36,1
me.com,35,0
unimelb.edu.au,35,0
gene.com,35,1
unipd.it,35,0
mayo.edu,35,0
mail.mcgill.ca,35,0
cynkra.com,34,1
vt.edu,34,0
utt.fr,34,0
126.com,34,0
adelaide.edu.au,33,0
pik-potsdam.de,33,0
nceas.ucsb.edu,33,0
vumc.org,32,0
univ-lyon1.fr,32,0
g.harvard.edu,32,0
inria.fr,32,0
nih.gov,31,0
ohdsi.org,31,0
uu.nl,31,0
icloud.com,31,0
tu-dresden.de,31,0
thinkr.fr,31,1
yorku.ca,31,0
ku.edu,31,0
cuanschutz.edu,31,0
mit.edu,30,0
utoronto.ca,30,0
asu.edu,30,0
mrc-bsu.cam.ac.uk,30,0
colostate.edu,30,0
stat.tamu.edu,29,0
sund.ku.dk,29,0
unitn.it,29,0
gsk.com,29,1
harvard.edu,29,0
usda.gov,29,0
virginia.edu,29,0
tu-dortmund.de,29,0
iu.edu,29,0
bu.edu,28,0
yihui.name,28,0
microsoft.com,28,1
uibk.ac.at,28,0
unc.edu,28,0
hu-berlin.de,27,0
windsor.ai,27,1
idiv.de,27,0
stjude.org,27,0
u.washington.edu,27,0
rud.is,27,0
mail2.sysu.edu.cn,26,0
uvic.ca,26,0
fda.hhs.gov,26,0
outlook.es,26,0
live.com,26,0
ucd.ie,26,0
yahoo.fr,26,0
iki.fi,26,0
contractors.roche.com,26,1
hms.harvard.edu,26,0
smith.edu,25,0
unina.it,25,0
foxmail.com,25,0
uga.edu,25,0
leeds.ac.uk,25,0
posteo.net,25,0
anu.edu.au,25,0
mdanderson.org,25,0
uzh.ch,25,0
vu.nl,25,0
openanalytics.eu,25,1
ese.eur.nl,25,0
colorado.edu,25,0
erasmusmc.nl,24,1
unibo.it,24,0
uniroma1.it,24,0
unipa.it,24,0
atorusresearch.com,24,1
nygenome.org,24,0
ugent.be,24,0
miami.edu,24,0
agroparistech.fr,23,0
kit.edu,23,0
ird.fr,23,0
gmail.com ,23,0
fsw.leidenuniv.nl,23,0
humanpredictions.com,23,1
tilburguniversity.edu,23,0
sydney.edu.au,23,0
mu.ie,23,0
tamu.edu,23,0
polimi.it,23,0
tum.de,23,0
wharton.upenn.edu,23,0
unige.ch,23,0
si.edu,23,0
sfu.ca,23,0
rice.edu,23,0
northwestern.edu,22,0
brown.edu,22,0
cirad.fr,22,0
uci.edu,22,0
bgc-jena.mpg.de,22,0
usp.br,22,0
pennmedicine.upenn.edu,22,0
mssm.edu,22,0
eic.cefet-rj.br,22,0
math.uzh.ch,21,0
pfizer.com,21,1
u-bordeaux-montaigne.fr,21,0
ualberta.ca,21,0
dfo-mpo.gc.ca,21,0
curtin.edu.au,21,0
ub.edu,21,0
ucsf.edu,21,0
inbo.be,21,0
osu.edu,21,0
meduniwien.ac.at,21,0
statistik.gv.at,21,0
ibge.gov.br,21,0
missouri.edu,20,0
ruc.edu.cn,20,0
uc.cl,20,0
inserm.fr,20,0
hhu.de,20,0
protonmail.ch,20,0
uottawa.ca,20,0
stat.ucla.edu,20,0
nmbu.no,20,0
tcd.ie,20,0
umass.edu,20,0
uke.de,20,0
dartmouth.edu,20,0
utexas.edu,20,0
est-econ.uc3m.es,20,0
liverpool.ac.uk,20,0
nioz.nl,20,0
sciviews.org,20,0
ixpantia.com,20,1
uni-tuebingen.de,19,0
schochastics.net,19,0
boehringer-ingelheim.com,19,1
moffitt.org,19,0
graduateinstitute.ch,19,0
umcg.nl,19,0
hotmail.fr,19,0
stat.umn.edu,19,0
nus.edu.sg,19,0
queensu.ca,19,0
pattern.institute,19,0
usc.es,19,0
uhn.ca,19,0
coolbutuseless.com,19,0
its.jnj.com,19,0
nhh.no,19,0
timelyportfolio.com,19,0
sciencespo.fr,19,0
univie.ac.at,19,0
pitt.edu,18,0
wustl.edu,18,0
uoguelph.ca,18,0
data.org,18,0
udc.es,18,0
ucr.ac.cr,18,0
soton.ac.uk,18,0
stats.ox.ac.uk,18,0
inra.fr,18,0
stat.wisc.edu,18,0
ethz.ch,18,0
nhs.net,18,0
gatech.edu,18,0
uky.edu,17,0
edu.uah.es,17,0
obiba.org,17,0
dal.ca,17,0
ucsb.edu,17,0
colinfay.me,17,0
wiernik.org,17,0
maastrichtuniversity.nl,17,0
uni-koeln.de,17,0
proton.me,17,0
stat.byu.edu,17,0
depauw.edu,17,0
unipg.it,17,0
canberra.edu.au,17,0
st-andrews.ac.uk,17,0
ntnu.no,17,0
math.ku.dk,16,0
yahoo.com.br,16,0
ssi.dk,16,0
business-science.io,16,1
qmul.ac.uk,16,0
utk.edu,16,0
uwo.ca,16,0
bham.ac.uk,16,0
uic.edu,16,0
mac.com,16,0
uni.sydney.edu.au,16,0
post.bgu.ac.il,16,0
upc.edu,16,0
purdue.edu,16,0
unl.edu,16,0
ufmg.br,16,0
ucr.edu,16,0
lilly.com,16,1
fu-berlin.de,16,0
stis.ac.id,16,0
mtholyoke.edu,16,0
ccf.org,15,0
uni-oldenburg.de,15,0
live.unc.edu,15,0
unimib.it,15,0
ec.europa.eu,15,0
stat.columbia.edu,15,0
zju.edu.cn,15,0
u.nus.edu,15,0
snu.ac.kr,15,0
astrazeneca.com,15,1
ufpe.br,15,0
fau.de,15,0
sanofi.com,15,1
massey.ac.nz,15,0
uni-greifswald.de,15,0
rmutt.ac.th,15,0
unil.ch,15,0
bond.edu.au,15,0
gre.ac.uk,15,0
york.ac.uk,15,0
uniovi.es,14,0
hiddenelephants.co.uk,14,0
uni-hamburg.de,14,0
email.unc.edu,14,0
slu.se,14,0
dreamrs.fr,14,1
fishandwhistle.net,14,0
decsai.ugr.es,14,0
ksu.edu,14,0
lyle.smu.edu,14,0
ki.se,14,0
uniklinik-freiburg.de,14,0
well.ox.ac.uk,14,0
ucdenver.edu,14,0
temple.edu,14,0
exeter.ac.uk,14,0
fdv.uni-lj.si,14,0
ensae.fr,14,0
stat.auckland.ac.nz,14,0
rand.org,14,1
mq.edu.au,14,0
stat.fsu.edu,14,0
ehu.eus,14,0
uib.no,14,0
win-vector.com,14,1
civisanalytics.com,14,1
otago.ac.nz,14,0
uts.edu.au,14,0
kof.ethz.ch,14,0
gmu.edu,14,0
stamats.de,14,0
mitchelloharawild.com,14,0
ustc.edu.cn,13,0
uni-due.de,13,0
dtu.dk,13,0
umd.edu,13,0
rub.de,13,0
novonordisk.com,13,1
unibas.ch,13,0
aau.at,13,0
email.com,13,0
nanx.me,13,0
rossellhayes.com,13,0
dirk-schumacher.net,13,0
uvigo.gal,13,0
rapporter.net,13,0
stat.duke.edu,13,0
stat.psu.edu,13,0
sickkids.ca,13,0
mednet.ucla.edu,13,0
statslab.cam.ac.uk,13,0
ovgu.de,13,0
ism.ac.jp,13,0
boku.ac.at,13,0
google.com,13,1
uni-marburg.de,13,0
lumc.nl,13,0
latrobe.edu.au,13,0
ue.wroc.pl,13,0
univ-reunion.fr,13,0
mail.nih.gov,13,0
scharp.org,13,0
ieee.org,13,0
zuckarelli.de,13,0
bluematterscience.com,13,0
uni-jena.de,13,0
uni-bielefeld.de,13,0
statnet.org,13,0
canada.ca,13,0
phs.scot,13,0
plus.ac.at,12,0
econ.au.dk,12,0
rutgers.edu,12,0
ua.edu,12,0
wfu.edu,12,0
wias-berlin.de,12,0
arizona.edu,12,0
vcu.edu,12,0
ymail.com,12,0
normalesup.org,12,0
weizmann.ac.il,12,0
hku.hk,12,0
est.ufmg.br,12,0
univ-grenoble-alpes.fr,12,0
hec.ca,12,0
worldbank.org,12,0
UGent.be,12,0
usf.edu,12,0
glasgow.ac.uk,12,0
unisa.it,12,0
fedoraproject.org,12,0
symbolix.com.au,12,1
stat.rutgers.edu,12,0
mb706.com,12,0
baylor.edu,12,0
gmx.com,12,0
hiroshima-u.ac.jp,12,0
andrew.cmu.edu,12,0
ardata.fr,12,1
um.es,12,0
chello.at,12,0
uth.tmc.edu,12,0
westat.com,12,1
uni-bamberg.de,12,0
4dscape.com,12,1
iub.edu.pk,11,0
imbi.uni-heidelberg.de,11,0
uah.es,11,0
uclm.es,11,0
who.int,11,0
ime.eb.br,11,0
id.uff.br,11,0
pstat.ucsb.edu,11,0
iq.harvard.edu,11,0
colpos.mx,11,0
mango-solutions.com,11,1
uwyo.edu,11,0
free.fr,11,0
williams.edu,11,0
mskcc.org,11,0
g.ucla.edu,11,0
cgiar.org,11,0
kaust.edu.sa,11,0
med.uni-goettingen.de,11,0
uclouvain.be,11,0
aucklanduni.ac.nz,11,0
yahoo.se,11,0
enricoschumann.net,11,0
pfaffikus.de,11,0
sbg.ac.at,11,0
tuwien.ac.at,11,0
uni-bonn.de,11,0
gov.bc.ca,11,0
bnosac.be,11,1
unizar.es,11,0
miamioh.edu,11,0
education.gov.uk,11,0
insee.fr,11,0
univ-poitiers.fr,11,0
pnnl.gov,11,0
ices.dk,11,0
connect.ust.hk,11,0
inpe.br,11,0
mail.med.upenn.edu,11,0
ipea.gov.br,11,0
th-deg.de,11,0
agroscope.admin.ch,11,0
javeriana.edu.co,11,0
calvin.edu,10,0
acm.org,10,0
uca.es,10,0
arrow.apache.org,10,0
tno.nl,10,0
cantab.net,10,0
mail.sysu.edu.cn,10,0
stat.cmu.edu,10,0
upenn.edu,10,0
reed.edu,10,0
espol.edu.ec,10,0
uni-potsdam.de,10,0
fgv.br,10,0
insa-toulouse.fr,10,0
clayden.org,10,0
rwhite.no,10,0
abbvie.com,10,1
stat.stanford.edu,10,0
unicatt.it,10,0
njfu.edu.cn,10,0
umontpellier.fr,10,0
uni-ulm.de,10,0
umh.es,10,0
jyu.fi,10,0
mail.wvu.edu,10,0
openreliability.org,10,0
unistra.fr,10,0
lanl.gov,10,0
nrcan-rncan.gc.ca,10,0
jcarroll.com.au,10,0
icr.ac.uk,10,0
adenbuie.com,10,0
unimi.it,10,0
gesis.org,10,0
agrocampus-ouest.fr,10,0
ulaval.ca,10,0
h-da.de,10,0
hsc.utah.edu,10,0
oregonstate.edu,10,0
uni-rostock.de,10,0
ecdc.europa.eu,10,0
epiconcept.fr,10,1
aalto.fi,10,0
math.uminho.pt,10,0
for-cast.ca,10,1
h2o.ai,10,1
earthscope.org,10,0
tnagler.com,10,0
rwth-aachen.de,10,0
wwenjie.org,9,0
mail.ustc.edu.cn,9,0
uark.edu,9,0
alumni.ubc.ca,9,0
eawag.ch,9,0
ofb.gouv.fr,9,0
math.univ-toulouse.fr,9,0
uma.es,9,0
connect.hku.hk,9,0
mathematik.uni-goettingen.de,9,0
tsinghua.edu.cn,9,0
wzb.eu,9,0
uq.edu.au,9,0
uow.edu.au,9,0
decisionpatterns.com,9,0
biology.sdu.dk,9,0
biologie.uni-regensburg.de,9,0
dfci.harvard.edu,9,0
uthsc.edu,9,0
zhaw.ch,9,0
uhnresearch.ca,9,0
psychologie.uzh.ch,9,0
u.northwestern.edu,9,0
uoregon.edu,9,0
unine.ch,9,0
sjp.ac.lk,9,0
cumc.columbia.edu,9,0
gazi.edu.tr,9,0
ohri.ca,9,0
bwh.harvard.edu,9,0
cs.nmsu.edu,9,0
qub.ac.uk,9,0
silicovore.com,9,0
insight-rx.com,9,1
ucalgary.ca,9,0
isglobal.org,9,0
uniandes.edu.co,9,0
georgetown.edu,9,0
nyulangone.org,9,0
cefet-rj.br,9,0
sas.upenn.edu,9,0
oucru.org,9,0
vivaldi.net,9,0
cs.cas.cz,9,0
buffalo.edu,9,0
ssb.no,9,0
unican.es,9,0
alum.mit.edu,9,0
renkun.me,9,0
psykologi.uio.no,9,0
city.ac.uk,9,0
sunholo.com,9,1
hawaii.edu,9,0
live.fr,9,0
club.fr,9,0
cchmc.org,9,0
ctu.unibe.ch,8,0
hey.com,8,0
smu.edu,8,0
health.ucsd.edu,8,0
urv.cat,8,0
b-tu.de,8,0
essex.ac.uk,8,0
wakehealth.edu,8,0
science.oregonstate.edu,8,0
mail.harvard.edu,8,0
unicamp.br,8,0
univ-nantes.fr,8,0
slu.edu,8,0
seankross.com,8,0
hbs.edu,8,0
lmu.de,8,0
p-value.net,8,0
qut.edu.au,8,0
idsia.ch,8,0
usi.ch,8,0
sun.ac.za,8,0
uliege.be,8,0
utu.fi,8,0
mimuw.edu.pl,8,0
american.edu,8,0
pku.edu.cn,8,0
sdsu.edu,8,0
bryer.org,8,0
macalester.edu,8,0
utas.edu.au,8,0
korea.ac.kr,8,0
hotmail.co.jp,8,0
njit.edu,8,0
dkfz.de,8,0
sina.com,8,0
polito.it,8,0
amu.edu.pl,8,0
uni-wuerzburg.de,8,0
unisa.edu.au,8,0
gluonics.com,8,0
andrewheiss.com,8,0
sheffield.ac.uk,8,0
bam.de,8,0
amsterdamumc.nl,8,0
channing.harvard.edu,8,0
benjaminrich.net,8,0
lamolina.edu.pe,8,0
usach.cl,8,0
crunch.io,8,1
isac.cnr.it,8,0
stats.snu.ac.kr,8,0
richelbilderbeek.nl,8,0
aerg.edu.au,8,0
delwp.vic.gov.au,8,0
demogr.mpg.de,8,0
analythium.io,8,1
mails.tsinghua.edu.cn,8,0
univ-lorraine.fr,8,0
usace.army.mil,8,0
turing.ac.uk,8,0
phonetik.uni-muenchen.de,8,0
yonsei.ac.kr,8,0
shikokuchuo.net,8,0
kahle.io,8,0
leibniz-bips.de,8,0
biogen.com,8,1
skuastkashmir.ac.in,8,0
eworx.gr,8,0
amherst.edu,8,0
occams.com,8,1
rmi.org,8,0
uoi.gr,8,0
mirai-solutions.com,8,1
bayer.com,7,1
itwm.fraunhofer.de,7,0
gagolewski.com,7,0
kenkellner.com,7,0
uni-graz.at,7,0
nuigalway.ie,7,0
northeastern.edu,7,0
stdout.org,7,0
rte-france.com,7,1
sms.ed.ac.uk,7,0
stat.Stanford.EDU,7,0
uni-konstanz.de,7,0
uio.no,7,0
unc.edu.ar,7,0
de.ufpe.br,7,0
rti.org,7,0
yahoo.gr,7,0
icmc.usp.br,7,0
louisville.edu,7,0
ucy.ac.cy,7,0
bios.unc.edu,7,0
jhmi.edu,7,0
ncf.ca,7,0
umbc.edu,7,0
wsu.edu,7,0
castlab.org,7,0
unr.edu,7,0
nottingham.ac.uk,7,0
curso-r.com,7,1
stat.unipd.it,7,0
sachaepskamp.com,7,0
stern.nyu.edu,7,0
heatherturner.net,7,0
cdc.gov,7,0
bccrc.ca,7,0
larmarange.net,7,0
umu.se,7,0
ndph.ox.ac.uk,7,0
tue.nl,7,0
hotmail.co.uk,7,0
ruhr-uni-bochum.de,7,0
umanitoba.ca,7,0
mails.ucas.ac.cn,7,0
math.uni-augsburg.de,7,0
yandex.ru,7,0
yahoo.es,7,0
oniris-nantes.fr,7,0
nau.edu,7,0
cimat.mx,7,0
spc.ox.ac.uk,7,0
gwu.edu,7,0
ya.ru,7,0
uni.lu,7,0
usask.ca,7,0
eio.upv.es,7,0
udg.edu,7,0
geo.uni-marburg.de,7,0
nimahejazi.org,7,0
unmack.net,7,0
eskisehir.edu.tr,7,0
unm.edu,7,0
lzu.edu.cn,7,0
ucm.es,7,0
unicaen.fr,7,0
bms.com,7,1
irsn.fr,7,0
kellogg.northwestern.edu,7,0
usm.cl,7,0
bht-berlin.de,7,0
utdallas.edu,7,0
cwi.nl,7,0
orange.fr,7,0
epfl.ch,7,0
m4x.org,7,0
chalmers.se,7,0
sandia.gov,7,0
braverock.com,7,0
cea.fr,7,0
mail.uc.edu,7,0
javerianacali.edu.co,7,0
uinjambi.ac.id,7,0
sebastiangibb.de,7,0
bafg.de,7,0
scu.edu,7,0
omu.edu.tr,7,0
istat.it,7,0
msn.com,7,0
weecology.org,7,0
gtk.uni-pannon.hu,7,0
fhnw.ch,7,0
alaska.edu,7,0
ibot.cas.cz,7,0
unex.es,7,0
hcpa.edu.br,7,0
iskolarngbayan.pup.edu.ph,7,0
rady.ucsd.edu,7,0
outlook.de,6,0
nagraj.net,6,0
jhsph.edu,6,0
universite-paris-saclay.fr,6,0
mcw.edu,6,0
unibuc.ro,6,0
aut.ac.nz,6,0
dhsc.gov.uk,6,0
nccu.edu.tw,6,0
kumc.edu,6,0
ntu.edu.tw,6,0
skema.edu,6,0
broadinstitute.org,6,0
hcp.med.harvard.edu,6,0
cima.fcen.uba.ar,6,0
uvic.cat,6,0
amgen.com,6,1
math.cnrs.fr,6,0
utah.edu,6,0
duke-nus.edu.sg,6,0
univ-lille.fr,6,0
nyumc.org,6,0
forst.bwl.de,6,0
medtronic.com,6,1
lsuhsc.edu,6,0
ucdconnect.ie,6,0
math.uio.no,6,0
stat.gov.pl,6,0
biostat.uni-hannover.de,6,0
agrueneberg.info,6,0
opens.science,6,0
health.missouri.edu,6,0
mgh.harvard.edu,6,0
neoxone.com,6,0
bancaditalia.it,6,0
math.arizona.edu,6,0
roswellpark.org,6,0
sevenbridges.com,6,1
upct.es,6,0
tudelft.nl,6,0
lncc.br,6,0
menne-biomed.de,6,1
databricks.com,6,1
ufrgs.br,6,0
cardiff.ac.uk,6,0
aggregate-genius.com,6,1
idems.international,6,0
mat.ulaval.ca,6,0
tutanota.com,6,0
dkfz-heidelberg.de,6,0
osumc.edu,6,0
bioss.ac.uk,6,0
lancs.ac.uk,6,0
bath.ac.uk,6,0
fondationbiodiversite.fr,6,0
nwea.org,6,0
unipi.it,6,0
peak.ai,6,0
poly.edu,6,0
uc.edu,6,0
newcastle.edu.au,6,0
eoos.dds.nl,6,0
montana.edu,6,0
caryinstitute.org,6,0
pgu.ac.ir,6,0
ukaachen.de,6,0
wpi.edu,6,0
ttu.edu,6,0
econ.soc.uoc.gr,6,0
umb.edu,6,0
uni-mainz.de,6,0
kcl.ac.uk,6,0
t-online.de,6,0
rconis.com,6,0
walker-data.com,6,0
fiu.edu,6,0
everapi.com,6,0
wwu.edu,6,0
kourentzes.com,6,0
conabio.gob.mx,6,0
bnu.edu.cn,6,0
yahoo.de,6,0
unb.br,6,0
ilpla.edu.ar,6,0
alpestat.com,6,0
nmsu.edu,6,0
univ-amu.fr,6,0
air.org,6,0
ninepointeightone.net,6,0
ibe.med.uni-muenchen.de,6,0
macmillan.com,6,0
health.sdu.dk,6,0
uni.kn,6,0
pobox.com,6,0
iqb.hu-berlin.de,6,0
tbep.org,6,0
unibe.ch,6,0
izw-berlin.de,6,0
csu.edu.cn,6,0
upm.es,6,0
metrumrg.com,6,0
gen.unimaas.nl,6,0
ubiobio.cl,6,0
ucf.edu,6,0
klinik.uni-regensburg.de,6,0
mx.uni-saarland.de,6,0
tidy-intelligence.com,6,0
R-Project.org,6,0
aber.ac.uk,6,0
ibspan.waw.pl,6,0
ime.usp.br,6,0
usys.ethz.ch,6,0
alumni.harvard.edu,6,0
uwalumni.com,6,0
ut.ee,6,0
bcamath.org,6,0
fct.unl.pt,6,0
zoo.ox.ac.uk,6,0
du.edu,6,0
nr.no,6,0
math.muni.cz,6,0
parse-health.org,6,0
datastorm.fr,6,0
cefas.co.uk,6,0
uncc.edu,6,0
mountsinai.org,6,0
curie.fr,6,0
alleninstitute.org,6,0
hsu-hh.de,6,0
deakin.edu.au,6,0
biostat.ku.dk,6,0
tecnico.ulisboa.pt,6,0
recife.ifpe.edu.br,6,0
parisdescartes.fr,6,0
amnh.org,6,0
ens-lyon.fr,6,0
mf.uni-lj.si,5,0
up.ac.za,5,0
mail.ubc.ca,5,0
fsu.edu,5,0
act.ulaval.ca,5,0
upf.edu,5,0
dunnington.ca,5,0
urjc.es,5,0
gmx.ch,5,0
uni-hohenheim.de,5,0
uco.es,5,0
college.harvard.edu,5,0
thuenen.de,5,0
yahoo.co.in,5,0
gwdg.de,5,0
ual.es,5,0
unich.it,5,0
landcareresearch.co.nz,5,0
uni-leipzig.de,5,0
uni-mannheim.de,5,0
wisconsin.gov,5,0
ua.pt,5,0
ec.gc.ca,5,0
ascent.io,5,0
ust.hk,5,0
univ-orleans.fr,5,0
fri.uni-lj.si,5,0
u.duke.nus.edu,5,0
maelstrom-research.org,5,0
fc.ul.pt,5,0
cityu.edu.hk,5,0
math.su.se,5,0
un.org,5,0
uab.cat,5,0
email.arizona.edu,5,0
math.usask.ca,5,0
hi.is,5,0
mazamascience.com,5,0
unifr.ch,5,0
signorell.net,5,0
usherbrooke.ca,5,0
stat.berkeley.edu,5,0
univ-tlse3.fr,5,0
thon.cc,5,0
supagro.fr,5,0
itam.mx,5,0
stat.unibe.ch,5,0
acu.edu.au,5,0
mumail.ie,5,0
ucmail.uc.edu,5,0
health.nsw.gov.au,5,0
imsweb.com,5,0
unisg.ch,5,0
vai.org,5,0
fastmail.com,5,0
helmholtz-muenchen.de,5,0
math.ethz.ch,5,0
ericebrown.com,5,0
uncw.edu,5,0
informatik.uni-regensburg.de,5,0
bcm.edu,5,0
ensai.fr,5,0
stu.cpu.edu.cn,5,0
ut.ac.ir,5,0
stat.osu.edu,5,0
utiligize.com,5,0
tse-fr.eu,5,0
unibz.it,5,0
gfzb.ch,5,0
aol.com,5,0
unisalento.it,5,0
csids.no,5,0
coe.ufl.edu,5,0
fzp.czu.cz,5,0
cso.ie,5,0
richmond.edu,5,0
uni-heidelberg.de,5,0
dataobservatory.eu,5,0
jefferson.edu,5,0
uah.edu,5,0
owu.edu,5,0
tufts.edu,5,0
unibocconi.it,5,0
dcc.fc.up.pt,5,0
fudan.edu.cn,5,0
vetagro-sup.fr,5,0
effectivedefense.org,5,0
hotmail.it,5,0
luke.fi,5,0
cos.name,5,0
stat.sinica.edu.tw,5,0
bgsu.edu,5,0
ufv.br,5,0
med.up.pt,5,0
amazon.com,5,1
iupui.edu,5,0
utmb.edu,5,0
gov.harvard.edu,5,0
institut-agro.fr,5,0
qc.cuny.edu,5,0
inmodelia.com,5,0
iit.comillas.edu,5,0
tanho.ca,5,0
lsu.edu,5,0
lunenfeld.ca,5,0
ndsu.edu,5,0
middlebury.edu,5,0
rcmd.org,5,0
pdx.edu,5,0
bfr.bund.de,5,0
uk.ac.ir,5,0
vse.cz,5,0
bluewin.ch,5,0
univ-fcomte.fr,5,0
srnl.doe.gov,5,0
seananderson.ca,5,0
biostat.wisc.edu,5,0
sorbonne-universite.fr,5,0
stud.uni-goettingen.de,5,0
szu.edu.cn,5,0
email.sc.edu,5,0
wehi.edu.au,5,0
salud.unm.edu,5,0
clemson.edu,5,0
cukurova.edu.tr,5,0
apple.com,5,1
stat.nthu.edu.tw,5,0
udl.cat,5,0
inwt-statistics.de,5,0
newcastle.ac.uk,5,0
cemo.uio.no,5,0
uqconnect.edu.au,5,0
yahoo.it,5,0
tada.science,5,0
mdc-berlin.de,5,0
cba.ua.edu,5,0
uniba.it,5,0
nevrome.de,5,0
usb.ch,5,0
delff.dk,5,0
canterbury.ac.nz,5,0
nmi-agro.nl,5,0
r-enthusiasts.com,5,0
ntu.edu.sg,5,0
riksrevisjonen.no,5,0
fromdatatowisdom.com,5,0
nciea.org,5,0
tmu.edu.tw,5,0
ahmadoudicko.com,5,0
ifremer.fr,5,0
aua.gr,5,0
bps.go.id,5,0
ebi.ac.uk,5,0
inf.ufrgs.br,5,0
um.ac.ir,4,0
abj.org.br,4,0
ons.gov.uk,4,0
crimson.ua.edu,4,0
msstate.edu,4,0
accelting.com,4,0
umassmed.edu,4,0
paltechnologies.com,4,0
ceremade.dauphine.fr,4,0
us.es,4,0
student.unsw.edu.au,4,0
rexamine.com,4,0
sbf.ulaval.ca,4,0
bconnelly.net,4,0
UTSouthwestern.edu,4,0
ime.unicamp.br,4,0
centralesupelec.fr,4,0
helgasoft.com,4,0
uvm.edu,4,0
radboudumc.nl,4,0
apache.org,4,0
wrig.de,4,0
hi.no,4,0
oist.jp,4,0
economics.ox.ac.uk,4,0
zoology.ubc.ca,4,0
kanecap.com,4,0
guevarra.io,4,0
utfpr.edu.br,4,0
eva.mpg.de,4,0
vcuhealth.org,4,0
student.maastrichtuniversity.nl,4,0
dme.ufrj.br,4,0
mff.cuni.cz,4,0
arjohnsonau.com,4,0
mat.uab.cat,4,0
jakob-r.de,4,0
bournemouth.ac.uk,4,0
brixtonhealth.com,4,0
leicester.ac.uk,4,0
ibacon.com,4,0
utstat.toronto.edu,4,0
jdtrat.com,4,0
uc3m.es,4,0
hbku.edu.qa,4,0
uantwerpen.be,4,0
esciencecenter.nl,4,0
flowervalleyconsulting.com,4,0
univr.it,4,0
fi.upm.es,4,0
ie.edu,4,0
dft.gov.uk,4,0
psych.ucla.edu,4,0
statistikkonsult.com,4,0
banque-france.fr,4,0
mpi-bn.mpg.de,4,0
umlub.pl,4,0
duck.com,4,0
h-its.org,4,0
mountainmath.ca,4,0
jax.org,4,0
carleton.edu,4,0
math.msstate.edu,4,0
comillas.edu,4,0
uwa.edu.au,4,0
iaukashan.ac.ir,4,0
bradlindblad.com,4,0
polyu.edu.hk,4,0
illumina.com,4,0
sph.rutgers.edu,4,0
alumni.brown.edu,4,0
uk-erlangen.de,4,0
fmach.it,4,0
gradientmetrics.com,4,0
fgcz.ethz.ch,4,0
yahoo.co.uk,4,0
unica.it,4,0
jameshoward.us,4,0
jimmy.harvard.edu,4,0
dwd.de,4,0
psych.mcgill.ca,4,0
wright.edu,4,0
retired.ethz.ch,4,0
felixhenninger.com,4,0
hs-kempten.de,4,0
univ-pau.fr,4,0
uea.ac.uk,4,0
coursekata.org,4,0
xmu.edu.cn,4,0
csic.es,4,0
gess.ethz.ch,4,0
tec.mx,4,0
softwareag.com,4,0
u-bourgogne.fr,4,0
berkeley.edu ,4,0
ludvigolsen.dk,4,0
beckman.com,4,0
naturalis.nl,4,0
u-paris.fr,4,0
jumpingrivers.com,4,0
uni-paderborn.de,4,0
zstat.pl,4,0
uvsq.fr,4,0
uni-trier.de,4,0
thompsonclan.org,4,0
clarku.edu,4,0
svetunkov.com,4,0
nyenrode.nl,4,0
pennstatehealth.psu.edu,4,0
ed.gov,4,0
udea.edu.co,4,0
aya.yale.edu,4,0
imbie.uni-bonn.de,4,0
tillotts.com,4,0
fredriksavje.com,4,0
mailbox.sc.edu,4,0
illposed.net,4,0
math.leidenuniv.nl,4,0
med.uni-tuebingen.de,4,0
sc.edu,4,0
mail.hzau.edu.cn,4,0
student.hpi.de,4,0
univ-rouen.fr,4,0
met.fu-berlin.de,4,0
brunel.ac.uk,4,0
waternumbers.co.uk,4,0
wne.uw.edu.pl,4,0
epi.usf.edu,4,0
battelleecology.org,4,0
nhs.scot,4,0
maths.leeds.ac.uk,4,0
terpmail.umd.edu,4,0
mathstat.yorku.ca,4,0
zarathu.com,4,0
rptu.de,4,0
alumni.emory.edu,4,0
epe.gov.br,4,0
aleguillou.org,4,0
niaid.nih.gov,4,0
uth.gr,4,0
live.com.mx,4,0
oeb.harvard.edu,4,0
cshs.org,4,0
factset.com,4,0
stu.xmu.edu.cn,4,0
knights.ucf.edu,4,0
sbu.ac.ir,4,0
uniroma2.it,4,0
mines.edu,4,0
fordham.edu,4,0
canva.com,4,0
iasri.res.in ,4,0
units.it,4,0
gforge.se,4,0
kjbeath.id.au,4,0
bsse.ethz.ch,4,0
unict.it,4,0
stat.washington.edu,4,0
deams.units.it,4,0
cefe.cnrs.fr,4,0
ufpr.br,4,0
hafogvatn.is,4,0
ru.nl,4,0
xs4all.nl,4,0
lincolnmullen.com,4,0
ucs.inrs.ca,4,0
env.ethz.ch,4,0
ufu.br,4,0
wilkox.org,4,0
uon.edu.au,4,0
fharrell.com,4,0
mail.de,4,0
uchceu.es,4,0
mu.edu,4,0
hakai.org,4,0
mail.sdu.edu.cn,4,0
unibw.de,4,0
fh-muenster.de,4,0
usu.edu,4,0
byu.edu,4,0
produnis.de,4,0
ue.poznan.pl,4,0
naver.com,4,0
jlu.edu.cn,4,0
oakland.edu,4,0
upmc.fr,4,0
kookmin.ac.kr,4,0
holst.it,4,0
ufsj.edu.br,4,0
experis.com,4,0
kainhofer.com,4,0
wlogsolutions.com,4,0
fellstat.com,4,0
math.mcmaster.ca,4,0
udec.cl,4,0
sapo.pt,4,0
wesleyan.edu,4,0
upi.edu,4,0
creaf.uab.cat,4,0
univ-evry.fr,4,0
eshpm.eur.nl,4,0
lixoft.com,4,0
upr.edu,4,0
ufg.uni-kiel.de,4,0
di.unimi.it,4,0
chicagobooth.edu,4,0
augusta.edu,4,0
arpa.piemonte.it,4,0
obs-vlfr.fr,4,0
SMU.edu,4,0
shaw.ca,4,0
mofo.ca,4,0
farmaci.uu.se,4,0
math.au.dk,4,0
mathstat.dal.ca,4,0
tychobra.com,4,0
ug.edu.pl,4,0
carthage.edu,4,0
pup.edu.ph,4,0
ihe.ca,4,0
phc.ox.ac.uk,4,0
unb.ca,4,0
quantil.com.co,4,1
2degrees-investing.org,4,0
Pennmedicine.upenn.edu,4,0
univ-littoral.fr,4,0
cnb.csic.es,4,0
tcnj.edu,4,0
nycu.edu.tw,4,0
mail.polimi.it,4,0
shanghaitech.edu.cn,4,0
fastmail.fm,4,0
vliz.be,4,0
trestletechnology.net,4,0
svmiller.com,4,0
nibio.no,4,0
mmc.edu,4,0
brwncald.com,4,0
tu-darmstadt.de,4,0
deck.tools,4,0
sfei.org,4,0
nu.edu.kz,3,
mat.uc.cl,3,
ufscar.br,3,
mails.jlu.edu.cn,3,
ids-mannheim.de,3,
uwe.ac.uk,3,
oicr.on.ca,3,
uqam.ca,3,
orange.com,3,
sussex.ac.uk,3,
iaw.unibe.ch,3,
embl.de,3,
berryconsultants.net,3,
mail.tau.ac.il,3,
insitro.com,3,
lbl.gov,3,
biocopy.de,3,
rudis.net,3,
ab.mpg.de,3,
liomys.mx,3,
unito.it,3,
umag.cl,3,
amadorbio.com,3,
uarm.pe,3,
its.leeds.ac.uk,3,
bertelsen.ca,3,
wujciak.de,3,
nps.edu,3,
ug.uchile.cl,3,
niks.me,3,
gerlanc.com,3,
bayesiandemography.com,3,
pvs.uva.es,3,
post.harvard.edu,3,
cienciassociales.edu.uy,3,
aims.gov.au,3,
mail.missouri.edu,3,
stat.colostate.edu,3,
roh.engineering,3,
uvt.nl,3,
utwente.nl,3,
fhcrc.org,3,
purrple.cat,3,
unavarra.es,3,
sansan.com,3,
ensimag.fr,3,
ceab.csic.es,3,
pasteur.fr,3,
mtsu.edu,3,
karlin.mff.cuni.cz,3,
sph.cuny.edu,3,
tuebingen.mpg.de,3,
disroot.org,3,
biom.uni-freiburg.de,3,
btinternet.com,3,
law.stanford.edu,3,
udistrital.edu.co,3,
des.ufla.br,3,
stkpp.org,3,
telecom-paristech.fr,3,
studio.unibo.it,3,
ulb.ac.be,3,
edf.fr,3,
univ-lyon2.fr,3,
freescience.de,3,
plymouth.ac.uk,3,
uct.ac.za,3,
icm.edu.pl,3,
bicmr.pku.edu.cn,3,
math.pku.edu.cn,3,
carina.fcaglp.unlp.edu.ar,3,
pirategrunt.com,3,
appstate.edu,3,
ALShum.com,3,
"gmail.com', comment = ",3,
doctors.org.uk,3,
ine.gob.cl,3,
e.ntu.edu.sg,3,
stat.haifa.ac.il,3,
seattleu.edu,3,
consultag.ch,3,
alexcrichton.com,3,
yahoo.com.au,3,
lsce.ipsl.fr,3,
yandex.com,3,
dcc.uchile.cl,3,
ifz-goettingen.de,3,
toh.ca,3,
vsb.cz,3,
urmc.rochester.edu,3,
brodrigues.co,3,
colby.edu,3,
comunidad.unam.mx,3,
nuffield.ox.ac.uk,3,
iea-hamburg.de,3,
uri.edu,3,
lifebit.ai,3,
uia.ua.ac.be,3,
okfn.gr,3,
petermac.org,3,
business.uzh.ch,3,
gsb.columbia.edu,3,
cofc.edu,3,
kloppenborg.ca,3,
mri.tum.de,3,
birkdiedenhofen.de,3,
laposte.net,3,
jamesgoldie.dev,3,
ul.ie,3,
cs.brown.edu,3,
comet.com,3,
post.tau.ac.il,3,
ellessenne.xyz,3,
hzdr.de,3,
rsm.nl,3,
sib.swiss,3,
alumni.ethz.ch,3,
isped.u-bordeaux2.fr,3,
cedarville.edu,3,
hacettepe.edu.tr,3,
tu-ilmenau.de,3,
cjyetman.com,3,
stonybrook.edu,3,
bric.ku.dk,3,
sp.gov.br,3,
osu.cz,3,
stfc.ac.uk,3,
meteo.fr,3,
ccny.cuny.edu,3,
mail.dlut.edu.cn,3,
istitutotumori.mi.it,3,
statsresearch.co.nz,3,
stir.ac.uk,3,
niceume.com,3,
davidechicco.it,3,
u-psud.fr,3,
chartkick.com,3,
Berrisch.biz,3,
r.hit-u.ac.jp,3,
brettklamer.com,3,
cito.nl,3,
gorcha.org,3,
esr.cri.nz,3,
libero.it,3,
itsalocke.com,3,
mail.mil,3,
alumni.iastate.edu,3,
aliyun.com,3,
mihaiconstantin.com,3,
aphp.fr,3,
colebrokamp.com,3,
emeriti.eawag.ch,3,
hpi.de,3,
bundesbank.de,3,
kelpin.nl,3,
wm.edu,3,
tib.eu,3,
drexel.edu,3,
birc.au.dk,3,
oliverwyman.com,3,
uwindsor.ca,3,1
upv.es,3,
unileon.es,3,
iag.usp.br,3,
lu.lv,3,
desiquintans.com,3,
research.att.com,3,
mif.vu.lt,3,
5vcc.com,3,
bxc.dk,3,
sgratzl.com,3,
psych.mpg.de,3,
uniud.it,3,
munterfinger.ch,3,
orn.mpg.de,3,
dom.edu,3,
loperez.com,3,
iiasa.ac.at,3,
medschl.cam.ac.uk,3,
ages.at,3,
ualg.pt,3,
th-koeln.de,3,
pcr.uu.se,3,
alumnos.upm.es,3,
utc.fr,3,
alumni.princeton.edu,3,
gipsa-lab.fr,3,
ufjf.br,3,
bowdoin.edu,3,
cerm.unifi.it,3,
msp.ulaval.ca,3,
imise.uni-leipzig.de,3,
biostatgen.org,3,
kp.org,3,
dlr.de,3,
dlut.edu.cn,3,
lakeforest.edu,3,
aibrt.org,3,
polytechnique.edu,3,
datacamp.com,3,
umces.edu,3,
furg.br,3,
hafro.is,3,
shuttlethread.com,3,
pei.de,3,
londonmet.ac.uk,3,
gams.com,3,
unifi.it,3,
ciencias.ulisboa.pt,3,
activinsights.com,3,
west-inc.com,3,
tnc.org,3,
alum.utoronto.ca,3,
uem.br,3,
imsb.biol.ethz.ch,3,
neuzerling.com,3,
small-projects.de,3,
decode.is,3,
nwu.ac.za,3,
wiso.uni-koeln.de,3,
cs.umass.edu,3,
unav.es,3,
ewingsonline.com,3,
Marist.edu,3,
buaa.edu.cn,3,
icar.gov.in ,3,
rmit.edu.au,3,
correo.uaa.mx,3,
quantenbrot.de,3,
mitre.org,3,
data61.csiro.au,3,
hotmail.ch,3,
stat.sc.edu,3,
rifcon.de,3,
stat.sfu.ca,3,
lirmm.fr,3,
mendoza-conicet.gob.ar,3,
amss.ac.cn,3,
smail.swufe.edu.cn,3,
dewey.myzen.co.uk,3,
eurac.edu,3,
marshall.usc.edu,3,
nasa.gov,3,
charite.de,3,
stats.uwo.ca,3,
indiana.edu,3,
posteo.at,3,
smhi.se,3,
live.de,3,
ntnu.edu.tw,3,
akoyabio.com,3,
stefanbache.dk,3,
liacs.leidenuniv.nl,3,
uke.uni-hamburg.de,3,
uny.ac.id,3,
keele.ac.uk,3,
physics.org,3,
eio.uva.es,3,
siu.edu,3,
ncl.ac.uk,3,
zmbh.uni-heidelberg.de,3,
fs.tum.de,3,
connect.polyu.hk,3,
med.cornell.edu,3,
unive.it,3,
data-intuitive.com,3,
statistik.uu.se,3,
insa-lyon.fr,3,
acr.kr,3,
mathos.hr,3,
opifex.org,3,
ku.edu.tr,3,
clin.au.dk,3,
benesty.fr,3,
alumni.vcu.edu,3,
bzu.edu.pk,3,
stlawu.edu,3,
wi.uni-muenster.de,3,
waddell.ch,3,
ipn.uni-kiel.de,3,
sdsmt.edu,3,
ph.au.dk,3,
amigo.edu.co,3,
mediana.us,3,
fafu.edu.cn,3,
cib.ac.cn,3,
clinic.cat,3,
ucmerced.edu,3,
mpib-berlin.mpg.de,3,
alumni.epfl.ch,3,
diw.de,3,
ketchbrookanalytics.com,3,
hoichman.com,3,
cpr.ku.dk,3,
fcharte.com,3,
umons.ac.be,3,
stefancoors.de,3,
ilklabs.com,3,
abdn.ac.uk,3,
scu.edu.cn,3,
seibold.co,3,
qonfluens.com,3,
geographie.uni-kiel.de,3,
ims.uerj.br,3,
brighton.ac.uk,3,
uct.cl,3,
psych.uni-frankfurt.de,3,
onid.orst.edu,3,
farmbio.uu.se,3,
education.wisc.edu,3,
gwmail.gwu.edu,3,
universitadipavia.it,3,
gavinrozzi.com,3,
st.amu.edu.pl,3,
seas.num.edu.mn,3,
unicredit.eu,3,
Dal.Ca,3,
ofdc.org.tw,3,
strath.ac.uk,3,
oii.ox.ac.uk,3,
cstjean.qc.ca,3,
onboarddata.io,3,
mooreplasticresearch.org,3,
uidaho.edu,3,
santafe-conicet.gov.ar,3,
sonatype.com,3,
agro.unc.edu.ar,3,
oenb.at,3,
ifro.ku.dk,3,
isl.stanford.edu,3,
shichen.name,3,
aueb.gr,3,
id.ethz.ch,3,
drew.edu,3,
bebac.at,3,
harvardpilgrim.org,3,
samabbott.co.uk,3,
bio.auth.gr,3,
usbr.gov,3,
ntu.ac.uk,3,
ncsoft.com,3,
apsl.edu.pl,3,
wanadoo.fr,3,
i.kyoto-u.ac.jp,3,
pw.edu.pl,3,
mnhn.fr,3,
uba.de,3,
binaryeagle.com,3,
psych.ubc.ca,3,
csl.com.au,3,
recetox.muni.cz,3,
togaware.com,3,
uiuc.edu,3,
vub.be,3,
daisi.io,3,
unhcr.org,3,
jaredlander.com,3,
coherentlogic.com,3,
ilo.org,3,
ogu.edu.tr,3,
meta.com,3,
rpact.com,3,
oecd.org,3,
rsginc.com,3,
psychologie.uni-freiburg.de,3,
gcuf.edu.pk,3,
nibmg.ac.in,3,
live.co.uk,3,
velsera.com,3,1
biu.ac.il,3,
maths.usyd.edu.au,3,
eafit.edu.co,3,
boun.edu.tr,3,
oncology.ox.ac.uk,3,
mevis.fraunhofer.de,3,
sungshin.ac.kr,3,
ufla.br,3,
ynu.edu.cn,3,
cnic.es,3,
correo.ugr.es,3,
ciencias.unam.mx,3,
unl.edu ,3,
logrami.fr,3,
ucsc.edu,3,
gustaveroussy.fr,3,
csb.gov.lv,3,
sakk.ch,3,
businesspartner.roche.com,3,1
darwin-eu.org,3,
logic.at,3,
macewan.ca,3,
swarthmore.edu,3,
kennispunttwente.nl,3,
ci.uc.pt,3,
selcuk.edu.tr,3,
tntp.org,3,
birdlife.org,3,
csp-inc.org,3,
pumabiotechnology.com,3,
dpird.wa.gov.au,3,
yhathq.com,3,
uta.edu,3,
europa-uni.de,2,
rwjms.rutgers.edu,2,
acleddata.com,2,
mbg.duth.gr,2,
iarc.who.int,2,
bd.com,2,
cytel.com,2,
bodkan.net,2,
usi.edu,2,
pnu.ac.ir,2,
jlnu.edu.cn,2,
med.umich.edu,2,
agenarisk.com,2,
forecastingresearch.org,2,
uel.br,2,
bol.com.br,2,
diegovalle.net,2,
bce.au.dk,2,
onnokleen.de,2,
science.ru.nl,2,
borstein.com,2,
cgu.edu,2,
yale-nus.edu.sg,2,
kauebraga.dev,2,
baruch.cuny.edu,2,
defra.gov.uk,2,
econ.uoa.gr,2,
insead.edu,2,
business.uq.edu.au,2,
econ.puc-rio.br,2,
mmsd.com,2,
ext.ec.europa.eu,2,
wektor.xyz,2,
chemometrix.eu,2,
users.noreply.github.com,2,
cs.washington.edu,2,
insightful.com,2,
redcross.org.uk,2,
lreis.ac.cn,2,
cuny.edu,2,
uchile.cl,2,
sapijaszko.net,2,
psy.ff.uni-lj.si,2,
ipz.uzh.ch,2,
cs.ru.nl,2,
stt.msu.edu,2,
ebd.csic.es,2,
magairports.com,2,
themadstatter.com,2,
kmarquardt.de,2,
schwalb-willmann.de,2,
campus.unimib.it,2,
kmutt.ac.th,2,
gsu.edu,2,
ewha.ac.kr,2,
ursinus.edu,2,
crawley.nz,2,
dyncall.org,2,
ufba.br,2,
mccombs.utexas.edu,2,
ddu.edu.et,2,
stefangruijters.nl,2,
cide.edu,2,
bccdc.ca,2,
exchange.tamu.edu,2,
rki.de,2,
ottolinger.de,2,
bioqmed.ufrj.br,2,
fkf.mpg.de,2,
experimental-psychology.com,2,
ncat.edu,2,
westernsydney.edu.au,2,
student.unimelb.edu.au,2,
verizon.net,2,
alumni.cam.ac.uk,2,
jcu.cz,2,
wavx.ca,2,
wolen.com,2,
bhu.ac.in,2,
ird.fr ,2,
vogelwarte.ch,2,
swiss-birdradar.com,2,
uninsubria.it,2,
stefanangrick.net,2,
pomona.edu,2,
hds.utc.fr,2,
newriverinvestments.com,2,
fing.edu.uy,2,
mlw.mw,2,
mail.usask.ca,2,
qu.edu.sa,2,
se.com,2,
iitk.ac.in,2,
tauex.tau.ac.il,2,
firmansyah.com,2,
kth.se,2,
c.titech.ac.jp,2,
martherus.com,2,
aad.gov.au,2,
utsa.edu,2,
hdr.qut.edu.au,2,
pucp.edu.pe,2,
rit.edu,2,
kennedykrieger.org,2,
des.qld.gov.au,2,
fen.uchile.cl,2,
calvagone.com,2,
phac-aspc.gc.ca,2,
damurka.com,2,
cheo.on.ca,2,
"usp.br', role=",2,
videotron.ca,2,
univ-eiffel.fr,2,
univ-rennes2.fr,2,
reserveprism.com,2,
casact.org,2,
exchange.nih.gov,2,
compusense.com,2,
udel.edu,2,
columbia.edu ,2,
seanmonstar.com,2,
metu.edu.tr,2,
sigmath.es.osaka-u.ac.jp,2,
uam.es,2,
diraol.eng.br,2,
transportfoundry.com,2,
melloy.com.au,2,
tru.ca,2,
vanlaake.net,2,
um.edu.mo,2,
ben-kiki.org,2,
louisiana.edu,2,
channelattribution.io,2,
jrwb.de,2,
iadb.org,2,
wits.ac.za,2,
eikeluedeling.com,2,
pucv.cl,2,
decisionanalyst.com,2,
lamsteinconsulting.com,2,
mun.ca,2,
calpoly.edu,2,
jmgirard.com,2,
ida.org,2,
iwu.de,2,
oelfam.com,2,
heorlytics.com,2,
fakenmc.com,2,
uv.cl,2,
h12o.es,2,
cnam.fr,2,
okfn.org,2,
justinesarey.com,2,
lazappi.id.au,2,
math.univ-lille1.fr,2,
sevilleta.unm.edu,2,
psychologie.tu-chemnitz.de,2,
cra.wallonie.be,2,
idiapjgol.info,2,
students.kasralainy.edu.eg,2,
mpetroff.net,2,
memphis.edu,2,
ingm.org,2,
cs.umd.edu,2,
yahoo.com.sg,2,
imim.es,2,
pg.edu.pl,2,
zie.pg.gda.pl,2,
binghamton.edu,2,
nbu.edu.sa,2,
umkc.edu,2,
yahoo.ie,2,
ecolres.hu,2,
rws.nl,2,
sjtu.edu.cn,2,
acer.org,2,
eurofound.europa.eu,2,
bucknell.edu,2,
virgilio.it,2,
uniurb.it,2,
hydro.tuwien.ac.at,2,
student.mini.pw.edu.pl,2,
aqua.dtu.dk,2,
prawo.uni.wroc.pl,2,
emmes.com,2,
rhoworld.com,2,
outlook.dk,2,
teiath.gr,2,
uib.es,2,
anhoej.net,2,
uni.li,2,
fhi.no,2,
nki.nl,2,
cmcc.it,2,
aemet.es,2,
bgcarlisle.com,2,
uqar.ca,2,
ujed.mx,2,
ine.es,2,
jouy.inra.fr,2,
ehesp.fr,2,
iitj.ac.in,2,
alumni.stanford.edu,2,
 University of Reading,2,
coll.mpg.de,2,
deadheaven.com,2,
capitalone.com,2,
sase.ssn.edu.in,2,
exegetic.biz,2,
autodesk.com,2,
contractors.appsilon.com,2,1
ef-prime.com,2,
phd.unibocconi.it,2,
libscie.org,2,
telecom-paris.fr,2,
sete.cnrs.fr,2,
sgb.ch,2,
immerda.ch,2,
canadiansolar.com,2,
untirta.ac.id,2,
campus.lmu.de,2,
mail.bnu.edu.cn,2,
augsburg.edu,2,
tau.ac.il,2,
xtbg.org.cn,2,
vda-lab.be,2,
eduardoconceicao.org,2,
uniss.it,2,
ic.ac.uk,2,
usc.edu.au,2,
semobi.pe.gov.br,2,
tpfe.com.br,2,
ivb.cz,2,
itesm.mx,2,
chrisrackauckas.com,2,
oliverschaer.ch,2,
poisotlab.io,2,
sa.gov.au,2,
aun.edu.ng,2,
imbie.meb.uni-bonn.de,2,
nniiem.ru,2,
kaist.ac.kr,2,
imap.cc,2,
itu.dk,2,
cufe.edu.cn,2,
pcg-random.org,2,
med.unc.edu,2,
ims.uni-stuttgart.de,2,
cantab.ac.uk,2,
supagro.inra.fr,2,
bioassay.dk,2,
uni-wuppertal.de,2,
grips.ac.jp,2,
st-and.ac.uk,2,
snubh.org,2,
hepp.cc,2,
optusnet.com.au,2,
icahn.mssm.edu,2,
ku.de,2,
uni-duesseldorf.de,2,
dasometrics.net,2,
sciome.com,2,
sonic.net,2,
maplehealthgroup.com,2,
cbs.dk,2,
univ-montp2.fr,2,
gmx.li,2,
erdc.dren.mil,2,
staff.uma.pt,2,
jbecker.co,2,
civilytics.com,2,
swu.edu.cn,2,
igdir.edu.tr,2,
vanderwalresearch.com,2,
charlotte.edu,2,
mendelu.cz,2,
milfeldt.dk,2,
epicentre.msf.org,2,
ulpgc.es,2,
myune.edu.au,2,
cqust.edu.cn,2,
austin.org.au,2,
mathsinhealth.com,2,
thothal.com,2,
joeroe.io,2,
math.uoa.gr,2,
modares.ac.ir,2,
nhlbi.nih.gov,2,
nina.no,2,
marmara.edu.tr,2,
istanbul.edu.tr,2,
iitrpr.ac.in,2,
kenjisato.jp,2,
wald.ucdavis.edu,2,
awkum.edu.pk,2,
wiwi.hu-berlin.de,2,
regionh.dk,2,
vols.utk.edu,2,
ice.ufjf.br,2,
vestcor.org,2,
llnl.gov,2,
iislafe.es,2,
nct-dresden.de,2,
nidi.nl,2,
ecohealthalliance.org,2,
umiami.edu,2,
icgeb.org,2,
lachmann.nu,2,
df.uba.ar,2,
visbanking.com,2,
STJUDE.ORG,2,
bifie.at,2,
kc.frb.org,2,
frb.gov,2,
sowi.uni-kl.de,2,
husky.neu.edu,2,
justinsingh.me,2,
imev-mer.fr,2,
igtp.cat,2,
uva.es,2,
pipegrep.co.uk,2,
psych.rwth-aachen.de,2,
gmge.org,2,
bangor.ac.uk,2,
stat.unipg.it,2,
palantir.com,2,
xxx.edu,2,
siue.edu,2,
univ-tlse1.fr,2,
uj.edu.pl,2,
mmmi.sdu.dk,2,
roxygen.org,2,
brgm.fr,2,
sahilseth.com,2,
libertymail.net,2,
unitus.it,2,
student.uts.edu.au,2,
flmnh.ufl.edu,2,
prf.jcu.cz,2,
warnes.net,2,
dm.uba.ar,2,
biol.lu.se,2,
gd.edu.kg,2,
activinsights.co.uk,2,
springhead-data.com,2,
posteo.ch,2,
mail.smu.edu,2,
croptrust.org,2,
imbim.uu.se,2,
njhealth.org,2,
Lreis.ac.cn,2,
mix.wvu.edu,2,
ipleiria.pt,2,
scmo.eu,2,
steno.dk,2,
conservation.org,2,
mail.uni-mannheim.de,2,
bdi.ox.ac.uk,2,
quantumjitter.com,2,
pwwang.com,2,
"uwaterloo.ca', role = c(",2,
brandmaier.de,2,
staff.univpm.it,2,
whu.edu.cn,2,
onet.pl,2,
marionegri.it,2,
hckiang.com,2,
lefant.net,2,
boogaart.de,2,
student.kit.edu,2,
grinnell.edu,2,
ropensci.org,2,
8-bit-sheep.com,2,
gilead.com,2,
jrc.it,2,
c-lockinc.com,2,
utm.ac.mu,2,
cs.stanford.edu,2,
sjp.co.nz,2,
math.u-psud.fr,2,
eprisolutions.com,2,
tbuckl.com,2,
shell.com,2,
mymail.unisa.edu.au,2,
dairyconsult.nl,2,
stv.uio.no,2,
gdut.edu.cn,2,
cuhk.edu.hk,2,
swufe.edu.cn,2,
iesp.uerj.br,2,
brandeis.edu,2,
voxel.galaxy.gmu.edu,2,
ucp.pt,2,
eurocontrol.int,2,
myscience.eu,2,
unicampania.it,2,
gertvv.nl,2,
unibg.it,2,
att.net,2,
fbn-dummerstorf.de,2,
udo.edu,2,
inotivco.com,2,
mu-sigma.com,2,
chemometrix.gmbh,2,
interpretable.ai,2,
univ-rennes1.fr,2,
de.ibm.com,2,
zedat.fu-berlin.de,2,
centrum.cz,2,
inspection.gc.ca,2,
anl.gov,2,
njaes.rutgers.edu,2,
ivantomic.com,2,
ebc.uu.se,2,
ebrd.com,2,
uni-bremen.de,2,
mickael.canouil.dev,2,
plavox.info,2,
upmc.edu,2,
mezquita.io,2,
ip2location.com,2,
uji.es,2,
bitwrit.com.au,2,
uibe.edu.cn,2,
jonaskurle.com,2,
lindeloev.dk,2,
mct.uminho.pt,2,
manitz.org,2,
math.uni.wroc.pl,2,
vetmeduni.ac.at,2,
crchudequebec.ulaval.ca,2,
wsl.ch,2,
imm.ox.ac.uk,2,
mwolters.com,2,
theperducogroup.com,2,
rete.basilicata.it,2,
albany.edu,2,
cedefop.europa.eu,2,
crea.gov.it,2,
iisg.nl,2,
econ.kyoto-u.ac.jp,2,
nfrac.org,2,
restriktor.org,2,
ulb.be,2,
mail.rmutt.ac.th,2,
sutd.edu.sg,2,
jedimasters.de,2,
gvdallariva.net,2,
g.ecc.u-tokyo.ac.jp,2,
cwts.leidenuniv.nl,2,
intl.zju.edu.cn,2,
p-roocks.de,2,
ieseg.fr,2,
cecareus.com,2,
carleton.ca,2,
jacks.sdstate.edu,2,
uis.no,2,
ebg.admin.ch,2,
mathematik.tu-darmstadt.de,2,
statistik.uni-hannover.de,2,
aster-projects.cat,2,
ifspm.unizh.ch,2,
usm.edu,2,
iqs.gv.at,2,
univaq.it,2,
uninorte.edu.co,2,
mevik.net,2,
jnu.edu.cn,2,
msd.com,2,
telethonkids.org.au,2,
hnu.edu.cn,2,
ut-biomet.org,2,
unisannio.it,2,
studioj.us,2,
gse.harvard.edu,2,
wvbauer.com,2,
cnu.edu.cn,2,
uda.cl,2,
dex.ufla.br,2,
kuleuven.com,2,
ticino.com,2,
piliszek.it,2,
uwb.edu.pl,2,
ccet.ufrn.br,2,
hsl.harvard.edu,2,
parisnanterre.fr,2,
metafor-project.org,2,
vscht.cz,2,
donau-uni.ac.at,2,
student.upi.edu,2,
alumni.duke.edu,2,
univ-smb.fr,2,
grf.bg.ac.rs,2,
unisante.ch,2,
ledell.org,2,
lgcgroup.com,2,
stats.ucl.ac.uk,2,
hs-stat.com,2,
angi-stat.com,2,
vsthost.com,2,
nencki.edu.pl,2,
ppw.kuleuven.be,2,
gfk.com,2,
umcutrecht.nl,2,
datanalytics.com,2,
fbk.eu,2,
ideasybits.com,2,
apiacoa.org,2,
red.ujaen.es,2,
fmf.uni-lj.si,2,
cc.gatech.edu,2,
live.in,2,
doublecaret.com,2,
cs.ubc.ca,2,
mylesandmyles.info,2,
chabert-liddell.com,2,
centre.edu,2,
stat.brown.edu,2,
optocom.es,2,
bbk.ac.uk,2,
hochreiter.net,2,
uit.no,2,
ucg.ac.me,2,
PSU.EDU,2,
cs.rwth-aachen.de,2,
roland-pfister.net,2,
uwr.edu.pl,2,
outlook.it,2,
post.com,2,
pusan.ac.kr,2,
kimep.kz,2,
uab.edu,2,
sfsu.edu,2,
bldavies.com,2,
stat.oregonstate.edu,2,
hhs.iowa.gov,2,
dife.de,2,
pwr.edu.pl,2,
scarletmail.rutgers.edu,2,
roosevelt.edu,2,
iztok.space,2,
lapp.nl,2,
thomasmore.be,2,
gslab.com,2,
tc.columbia.edu,2,
MissouriState.edu,2,
sigg-iten.ch,2,
futa.edu.ng,2,
lukemiller.org,2,
mat.savba.sk,2,
mist.i.u-tokyo.ac.jp,2,
takeuchi.name,2,
chop.edu,2,
kitepharma.com,2,
ricardo.com,2,
mathematik.uni-siegen.de,2,
cis.asu.edu.eg,2,
github.com,2,
bmb.sdu.dk,2,
foundationmedicine.com,2,
club-internet.fr,2,
pathlit.io,2,
zips.uakron.edu,2,
caltech.edu,2,
mbs.edu,2,
uni-Passau.de,2,
auburn.edu,2,
code.databio.org,2,
uninettunouniversity.net,2,
student.ethz.ch,2,
agro.au.dk,2,
users.sourceforge.net,2,
uef.fi,2,
vuw.ac.nz,2,
cnr.it,2,
pinstimation.com,2,
leibniz-zmt.de,2,
plot.ly,2,
txbiomed.org,2,
trestletech.com,2,
unja.ac.id,2,
uinjambi.ac.id ,2,
westpoint.edu,2,
seattlechildrens.org,2,
cs.ucdavis.edu,2,
fest.pl,2,
cancer.fi,2,
hutton.ac.uk,2,
mareikefischer.de,2,
ag.tamu.edu,2,
mbq.me,2,
ii.uib.no,2,
enacom.com.br,2,
prevision.io,2,
cs.wm.edu,2,
ci.tuwien.ac.at,2,
civil.auth.gr,2,
katsanevakis.com,2,
correo.unicordoba.edu.co,2,
ufz.de,2,
eecs.harvard.edu,2,
nbenn.ch,2,
happ.co.at,2,
campus.fct.unl.pt,2,
itainnova.es,2,
bsc.fu-berlin.de,2,
iskolarngbyan.pup.edu.ph,2,
massmutual.com,2,
uaf.edu.pk,2,
som.umaryland.edu,2,
hiskp.uni-bonn.de,2,
webmail.stat.sinica.edu.tw,2,
umn.edu  ,2,
hertie-school.org,2,
sorel.me,2,
bfro.uni-lj.si,2,
ineri.org,2,
bardstown.com,2,
fh-koeln.de,2,
sciencespo-grenoble.fr,2,
geosapiens.com.br,2,
math.umass.edu,2,
peterson-consulting.com,2,
glin.io,2,
univ-rennes.fr,2,
bgc.mpg.de,2,
ceemid.eu,2,
tiho-hannover.de,2,
lincoln.ac.nz,2,
selu.edu,2,
basf.com,2,
windwardenv.com,2,
smartinsightsfromdata.com,2,
sku.ac.ir,2,
ege.edu.tr,2,
ficonsulting.com,2,
cyf-kr.edu.pl,2,
ouce.ox.ac.uk,2,
nbb.be,2,
maths.otago.ac.nz,2,
retina.ar,2,
userfriendlyscience.com,2,
zi-mannheim.de,2,
kyoto-u.jp,2,
mh-hannover.de,2,
omnianalytics.org,2,
na.iac.cnr.it,2,
samuelbosch.com,2,
science.ankara.edu.tr,2,
sdstate.edu,2,
oilgainsanalytics.com,2,
ou.nl,2,
basistech.com,2,
dc.uba.ar,2,
basille.org,2,
titz.science,2,
stat-up.de,2,
korobeynikov.info,2,
apexrms.com,2,
wikimedia.org,2,
mpipz.mpg.de,2,
stata.com,2,
vinecopulib.org,2,
kew.org,2,
tuhh.de,2,
zks.uni-leipzig.de,2,
childrens.harvard.edu,2,
cmu.edu,2,
igp.uu.se,2,
nexus.ethz.ch,2,
awi.de,2,
amc.uva.nl,2,
statistics.uu.se,2,
unipv.it,2,
ecu.edu,2,
gabrielebaldassarre.com,2,
live.nl,2,
nelsonscilabs.com,2,
citymail.cuny.edu,2,
capia.no,2,
mdrc.org,2,
vitoria.ifpe.edu.br,2,
daqana.com,2,
ufjf.edu.br,2,
stat.lu.se,2,
URMC.Rochester.edu,2,
ebaker.me.uk,2,
worthingtonindustries.com,2,
financial.com,2,
stat.ncsu.edu,2,
unsulbar.ac.id,2,
rcharlie.com,2,
ceh.ac.uk,2,
uclv.cu,2,
ornl.gov,2,
skyeome.net,2,
searchdiscovery.com,2,
bfs.admin.ch,2,
usp.ac.fj,2,
isu.edu,2,
softisms.com,2,
epamail.epa.gov,2,
bionet.nsc.ru,2,
samclark.net,2,
uk-essen.de,2,
dmr.ms.gov,2,
tu-berlin.de,2,
kent.ac.uk,2,
inferencetech.com,2,
Vanderbilt.edu,2,
hochschule-bc.de,2,
psy.lu.se,2,
globeandmail.com,2,
bigelow.org,2,
sylvin.de,2,
uantwerp.be,2,
ifkw.lmu.de,2,
tiledb.com,2,
annalect.com,2,
stud.tu-darmstadt.de,2,
politics.ox.ac.uk,2,
leibniz-psychology.org,2,
edu.uaa.mx,2,
nct-heidelberg.de,2,
AtorusResearch.com,2,
imr.tohoku.ac.jp,2,
xtreamers.io,2,
cau.edu.cn,2,
ets.org,2,
TLrevolution.com,2,
lisic.univ-littoral.fr,2,
gu.se,2,
vidonne.me,2,
std.agr.cu.edu.eg,2,
movisens.com,2,
kangwon.ac.kr,2,
scut.edu.cn,2,
twincore.de,2,
unityhealth.to,2,
fryske-akademy.nl,2,
qualtacon.com,2,
agr.wa.gov,2,
holzforschung.at,2,
dim.unirioja.es,2,
alipsa.se,2,
nu.edu.kz ,1,
stu.pku.edu.cn,1,
sigma.iimas.unam.mx,1,
t4d.ch,1,
jimenezluna.com,1,
mathgen.ch,1,
iab.de,1,
gate.sinica.edu.tw,1,
bayezian.com,1,
psychologie.uni-heidelberg.de,1,
users.pv.wau.nl,1,
genopole.cnrs.fr,1,
certh.gr,1,
uos.de,1,
wlu.ca,1,
intego-group.com,1,
researchgap.ac,1,
umin.ac.jp,1,
bimsa.cn,1,
infineon.com,1,
branded3.com,1,
hhmace.do,1,
meteoswiss.ch,1,
gov.scot,1,
ue.katowice.pl,1,
cvut.cz,1,
academico.ufs.br,1,
conicet.gov.ar,1,
elisabethgruppe.de,1,
bulldogs.yale.edu,1,
cu.ac.bd,1,
pklampros.net,1,
univ-cotedazur.fr,1,
ttcrc.tmckolkata.org,1,
rcc.org.rs,1,
kis.si,1,
altadata.io,1,
empa.ch,1,
hona.kr,1,
my.jcu.edu.au,1,
jcu.edu.au,1,
spc.int,1,
telia.com,1,
upce.cz,1,
csulb.edu,1,
sdzwa.org,1,
med.shimane-u.ac.jp,1,
u.yale-nus.edu.sg,1,
sedona.apache.org,1,
santannapisa.it,1,
mjae.net,1,
gavras.de,1,
econ.uth.gr,1,
bersani.org,1,
kerman.com,1,
arpalombardia.it,1,
terminusdatascience.com,1,
netflix.com,1,
steffilazerte.ca,1,
userprimary.net,1,
usq.edu.au,1,
onyx.com,1,
geology.wisc.edu,1,
lente.dev,1,
ff.uni-lj.si,1,
tasly.com,1,
kincaidlabs.ai,1,
csusb.edu,1,
kamstrup.com,1,
propellerpdx.com,1,
mail.cnu.edu.cn,1,
udayton.edu,1,
epss.ucla.edu,1,
panteion.gr,1,
unah.edu.hn,1,
southampton.ac.uk,1,
colling.net.nz,1,
ncku.edu.tw,1,
phenikaa-uni.edu.vn,1,
mail.com,1,
bio-complexity.com,1,
mbri.ac.ir,1,
esf.edu,1,
kew.org ,1,
cv.technion.ac.il,1,
krzysztofkania.com,1,
bildung.gv.at,1,
bea.gov,1,
flinders.edu.au,1,
mail.gvsu.edu,1,
TU-Ilmenau.de,1,
tsl.ac.uk,1,
buseco.monash.edu.au,1,
tofwerk.com,1,
epi.msu.edu,1,
uqroo.edu.mx,1,
econ.berkeley.edu,1,
utdt.edu,1,
cs.utexas.edu,1,
active-analytics.com,1,
truman.edu,1,
afacademy.af.edu,1,
pdf.com,1,
hoarybat.com,1,
myotisoft.com,1,
peterwilson.id.au,1,
insilica.co,1,
cemm.at,1,
moon.ibp.ac.cn,1,
bfs.de,1,
volkerschmid.de,1,
unifesp.br,1,
espci.fr,1,
knmi.nl,1,
niconoe.eu,1,
univ-angers.fr,1,
UTMB.EDU,1,
treasury.gov,1,
terpalum.umd.edu,1,
uaslp.mx,1,
UCDavis.edu,1,
uca.fr,1,
ds.dfci.harvard.edu,1,
alecstashevsky.com,1,
bostonbiomedical.com,1,
al.insper.edu.br,1,
lsp.ups-tlse.fr,1,
bnlearn.com,1,
indicio.com,1,
hush.com,1,
fh-aachen.de,1,
math.unistra.fr,1,
baumgrt.com,1,
uwinnipeg.ca,1,
alumni.jh.edu,1,
nust.na,1,
unisa.ac.za,1,
jesus.ox.ac.uk,1,
cs.bris.ac.uk,1,
bcgsc.ca,1,
brendanrocks.com,1,
hc-sc.gc.ca,1,
uni-siegen.de,1,
dcu.ie,1,
imail.org,1,
curtis.net.nz,1,
xxx.com,1,
open.ac.uk,1,
tklee.com,1,
mathjax.org,1,
dac.unicamp.br,1,
icict.fiocruz.br,1,
posgrad.lncc.br,1,
wayne.edu,1,
sciencegraph.org,1,
iimu.ac.in,1,
sagerx.com,1,
battelle.org,1,
fiocruz.br,1,
up.edu.pe,1,
alum.up.edu.pe,1,
martinez.fyi,1,
mioduszewski.net,1,
c3s.cc,1,
nscr.nl,1,
ut.edu,1,
cuhk.edu.cn,1,
acp.kr,1,
decom.cefetmg.br,1,
mschilli.com,1,
u-pec.fr,1,
karaman.is,1,
jv-lacorte.de,1,
geocoder.us,1,
barnzilla.ca,1,
rai.usc.es,1,
anthropoidea.org,1,
fz-juelich.de,1,
haufin.ch,1,
muon-stat.com,1,
mathematik.uni-stuttgart.de,1,
maxwestphal.io,1,
stat.ufl.edu,1,
igmm.ed.ac.uk,1,
saic.com,1,
kau.edu.sa,1,
iacm.forth.gr,1,
census.gov,1,
chapman.edu,1,
gov.harvard.edu.edu,1,
m.titech.ac.jp,1,
japaric.io,1,
Harvard.Edu,1,
ccamlr.org,1,
climpact.com,1,
finances.gouv.fr,1,
odysseusinc.com,1,
bios.au.dk,1,
alumni.uj.edu.pl,1,
ouc.edu.cn,1,
wu.edu.et,1,
farabi.tums.ac.ir,1,
ontario.ca,1,
smh.ca,1,
staff.shu.edu.cn,1,
somewhere.net,1,
analyticaconsulting.com,1,
theobruckbauer.eu,1,
deaconsworld.org.uk,1,
kogentum.hu,1,
ecoccs.com,1,
ice.mpg.de,1,
anses.fr,1,
uwimona.edu.jm,1,
inn.no,1,
sdu.edu.cn,1,
jackhorne.net,1,
daad-alumni.de,1,
cepal.org,1,
nfl.com,1,
aoni.waseda.jp,1,
stud.unive.it,1,
ucar.edu,1,
g.hmc.edu,1,
gofurther.com,1,
dbca.wa.gov.au,1,
ambiata.com,1,
apotex.com,1,
ad.nmsu.edu,1,
ca.usda.gov,1,
benjaminlouis-stat.fr,1,
tangled.de,1,
upwr.edu.pl,1,
pedscience.de,1,
bannerhealth.com,1,
stat.ecnu.edu.cn,1,
gopstein.com,1,
sztaki.hu,1,
psi.toronto.edu,1,
tennessee.edu,1,
atilim.edu.tr,1,
cs.helsinki.fi,1,
alumni.utoronto.ca,1,
kshook.ca,1,
comtekadvanced.com,1,
bariloche.inta.gov.ar,1,
psychometrica.de,1,
imae.udg.edu,1,
mat.upv.es,1,
mirka-henninger.de,1,
bluefoxdata.eu,1,
lyzander.com,1,
kiwisound.de,1,
utmail.utexas.edu,1,
shirazu.ac.ir,1,
hust.edu.cn,1,
ftc.gov,1,
thomaslotze.com,1,
jamesdunham.io,1,
alumni.ku.dk,1,
egerton.ac.ke,1,
jimvine.co.uk,1,
linecorp.com,1,
consibio.com,1,
stat.unm.edu,1,
hhi.fraunhofer.de,1,
gmaail.com,1,
camline.com,1,
deleeuwpdx.net,1,
hydrology.ruhr-uni-bochum.de,1,
uos.ac.kr,1,
alumni.uzh.ch,1,
realanalytics.co.uk,1,
wlonk.com,1,
bj.admin.ch,1,
le.ac.uk,1,
uniromal.it,1,
hochschule-trier.de,1,
math.utah.edu,1,
uatx.mx,1,
greendalba.com,1,
wildlifecomputers.com,1,
uhnres.utoronto.ca,1,
jacquietran.com,1,
rubensjoserosa.com,1,
stonyrbook.edu,1,
stonyrbookmedicine.edu,1,
live.com.au,1,
ispm.unibe.ch,1,
vizja.pl,1,
ae.mpg.de,1,
uwasa.fi,1,
vive.dk,1,
uni.edu,1,
meteo.be,1,
jabiruventures.com,1,
csus.edu,1,
telperian.com,1,
frisch.uio.no,1,
unet.univie.ac.at,1,
uni-neumann.hu,1,
stat.uiowa.edu,1,
imf.org,1,
lenahubig.de,1,
gmx-topmail.de,1,
ufv.ca,1,
student.ufv.ca,1,
farmersbusinessnetwork.com,1,
systemsbiology.org,1,
math.u-bordeaux.fr,1,
"u.nus,edu",1,
example.com,1,
robotrebuilt.com,1,
mdsol.com,1,
gocmarineprogram.org,1,
ndm.ox.ac.uk,1,
nadiah.org,1,
generali.de,1,
csiro.au ,1,
drilon.com,1,
dataforknow.com,1,
visualdatatools.com,1,
g.nccu.edu.tw,1,
absolute-strategy.com,1,
lseg.com,1,
powerpartners.pro,1,
u-paris10.fr,1,
tarleton.edu,1,
terra.com.br,1,
ottoquant.com,1,
aleksanderbl.dk,1,
northbeachconsulting.ca,1,
business.fsu.edu,1,
irb.barcelona.org,1,
spa.nifty.com,1,
rakuno.ac.jp,1,
cau.ac.kr,1,
statistik.uni-koeln.de,1,
rccvast.se,1,
paulcbauer.eu,1,
campus.lmu.de ,1,
dataindeed.io,1,
ucanr.edu,1,
staffs.ac.uk,1,
brennotten.net,1,
"163.com', comment = ",1,
"sonic.net', comment = ",1,
saxion.nl,1,
hoehrmann.de,1,
aims.edu.gh,1,
gozdis.si,1,
cit.tum.de,1,
informatik.uni-halle.de,1,
ecos.au.dk,1,
uek.krakow.pl,1,
cantabria.es,1,
skku.edu,1,
ptp.it,1,
wis.kuleuven.be,1,
geo.uio.no,1,
ijs.si,1,
jivecast.com,1,
crc.jussieu.fr,1,
hrdag.org,1,
sou.edu,1,
gcu.edu.pk,1,
toulouse.inra.fr,1,
ccb.uni-saarland.de,1,
pnl.gov,1,
olemiss.edu,1,
arbidata.com,1,
hks.harvard.edu,1,
gordonjross.co.uk,1,
talk21.com,1,
georgiasouthern.edu,1,
math.u.se,1,
polymtl.ca,1,
iusspavia.it,1,
stadlmann.cm,1,
de-brouwer.com,1,
upla.cl,1,
energie360.ch,1,
sbp.org.pk,1,
bigpond.com,1,
cannadatasolutions.com,1,
theiterators.com,1,
dominodatalab.com,1,
ntymail.com,1,
hcuge.ch,1,
potvin.xyz,1,
ufg.br,1,
email.gwu.edu,1,
che.IN.gov,1,
clarkberg.org,1,
stud.uni-stuttgart.de,1,
smu.edu.sg,1,
m.fudan.edu.cn,1,
albertopessia.com,1,
causal-solutions.com,1,
kreatis.eu,1,
rimuhc.ca,1,
precisionmethods.guru,1,
iom.int,1,
uniupo.it,1,
waikato.ac.nz,1,
greenwich.ac.uk,1,
ionicsolutions.net,1,
stud.sbg.ac.at,1,
jakesherman.com,1,
stats.gla.ac.uk,1,
let.ish-lyon.cnrs.fr,1,
okayama-u.ac.jp,1,
rpi.edu,1,
ninohardt.com,1,
wolfson.ox.ac.uk,1,
cefas.gov.uk,1,
ps.au.dk,1,
ben.edu,1,
plantarum.ca,1,
eclipsebio.com,1,
student.uhasselt.be,1,
visconsultancy.eu,1,
waldste.in,1,
urban.org,1,
msbstats.info,1,
schmolze.com,1,
ou.edu,1,
tillt.net,1,
uni-hildesheim.de,1,
BU.edu,1,
uni-landau.de,1,
port.ac.uk,1,
suu.edu,1,
fathomdata.dev,1,
etu.unistra.fr,1,
statistik.tuwien.ac.at,1,
unibs.it,1,
studenti.unibs.it,1,
aist.go.jp,1,
epimedsolutions.com,1,
jannisr.de,1,
boulderstats.com,1,
oru.se,1,
cdv.cz,1,
ProbStatInfo.com,1,
eodhistoricaldata.com,1,
bradeck.net,1,
med.uni-muenchen.de,1,
normasup.org,1,
sanger.ac.uk,1,
medicine.psu.ac.th,1,
"gmail.com', role=",1,
appliedepi.org,1,
mit.edu.au,1,
metoffice.gov.uk,1,
edu.unito.it,1,
lshtm.ac.uk ,1,
psychologie.uni-kiel.de,1,
utah.gov,1,
alxn.com,1,
ms.unimelb.edu.au,1,
geo.uzh.ch,1,
spectrumhealth.org,1,
lpccaen.in2p3.fr,1,
wifo.ac.at,1,
aslal.it,1,
ionio.gr,1,
numerious.com,1,
civeng.adelaide.edu.au,1,
beigene.com,1,1
nhm.uio.no,1,
i-med.ac.at,1,
iitpkd.ac.in,1,
isciences.com,1,
jku.at,1,
hslu.ch,1,
student.uibk.ac.at,1,
ticarum.es,1,
math.univ-poitiers.fr,1,
hepcos.com,1,
upb.de,1,
myuct.ac.za,1,
runbox.com,1,
inventionate.de,1,
ucf.edu ,1,
keihirose.com,1,
osaka-u.ac.jp,1,
adamleerich.com,1,
deliveroo.co.uk,1,
hrbmu.edu.cn,1,
egr.msu.edu,1,
danifold.net,1,
lixingchi.com,1,
benjaminschlegl.ch,1,
tarsus.edu.tr,1,
mersin.edu.tr,1,
methoddatascience.com,1,
revelartechnologies.com,1,
sbu.edu.tr,1,
linaro.org,1,
arm.com,1,
icomp.ufam.edu.br,1,
exa.unrc.edu.ar,1,
pathsciences.com,1,
fsn.hu,1,
etienne.app,1,
teiste.gr,1,
grenoble-em.com,1,
analysisgroup.com,1,
icai.comillas.edu,1,
imdea.org,1,
masem.de,1,
eml.cc,1,
uic.edu.cn,1,
unimelb.edu.au ,1,
truecluster.com,1,
si.edu ,1,
ites.upr.edu,1,
med.uni-jena.de,1,
jelgervanzaane.nl,1,
ukhsa.gov.uk,1,
mmorris.email,1,
ufes.br,1,
mass.gov,1,
jonathanchang.org,1,
lpixel.net,1,
merbla.com,1,
providence.edu,1,
mpi-magdeburg.mpg.de,1,
alumni.tugraz.at,1,
inrs.fr,1,
boyandin.me,1,
eng.au.dk,1,
ifrit.ac.cn,1,
ukm.edu.my ,1,
wald-rlp.de,1,
nick-kennedy.com,1,
qlands.com,1,
54gene.com,1,1
unipr.it,1,
matthewvavrek.com,1,
apl.washington.edu,1,
vmonaco.com,1,
pritchard.co,1,
hss.caltech.edu,1,
sudori.info,1,
fmarion.edu,1,
cise.ufl.edu,1,
health.wa.gov.au,1,
uhb.nhs.uk,1,
emu.ee,1,
uni-luebeck.de,1,
atlas.cz,1,
de.ufpb.br,1,
klikni.cz,1,
unisi.it,1,
cs.nott.ac.uk,1,
vut.cz,1,
reading.ac.uk,1,
lnx-bsp.net,1,
edpr.com,1,
semex.com,1,
jonlin.ca,1,
snm.ku.dk,1,
gamlil.com},1,
londonmet.ac.uk},1,
gamlss.org,1,
cerege.fr,1,
unirioja.es,1,
huntemail.id.au,1,
students.cs.ubc.ca,1,
ext.uv.es,1,
southalabama.edu,1,
sofi.su.se,1,
unknown.com,1,
econone.com,1,
atomwise.com,1,
dataclarityconsulting.co.uk,1,
notbadafterall.com,1,
hs-bochum.de,1,
myumanitoba.ca,1,
globaldatalab.org,1,
hkust-gz.edu.cn,1,
directbox.com,1,
kma.ac.kr,1,
bayes.city.ac.uk,1,
phs.psu.edu,1,
mail.shufe.edu.cn,1,
163.sufe.edu.cn,1,
hagen.bio,1,
rsc.org,1,
sweetland-solutions.co.uk,1,
caas.cn,1,
ajou.ac.kr,1,
dapperstats.com,1,
oikostat.ch,1,
yahoo.ca,1,
maths.bath.ac.uk,1,
informatik.uni-heidelberg.de,1,
kapsi.fi,1,
futurecities.catapult.org.uk,1,
umail.leidenuniv.nl,1,
synapticgap.com,1,
lsy.io,1,
aol.de,1,
cs.uni-kl.de,1,
stats4sd.org,1,
iimog.org,1,
math.auth.gr,1,
jhmigueles.com,1,
 inserm.fr,1,
mail.iastate.edu,1,
skyforge.at,1,
miuegypt.edu.eg,1,
ag-study.com,1,
presciient.com,1,
jcvi.org,1,
uaeu.ac.ae,1,
vanzanden.nl,1,
ggtern.com,1,
abdoulblog.com,1,
quantsulting.ch,1,
liuc.it,1,
mini.pw.edu.pl,1,
geointelligence.space,1,
delaguayaba.com,1,
qimr.edu.au,1,
imbei.uni-mainz.de,1,
stat.nus.edu.sg,1,
uas.edu.mx,1,
chu-rouen.fr,1,
centraliens-lille.org,1,
ecu.edu.au,1,
relund.dk,1,
reflex-studio.de,1,
uniquindio.edu.co,1,
int.pl,1,
gofigr.io,1,
tu-braunschweig.de,1,
jassohi.com,1,
jamescottrill.co.uk,1,
arcor.de,1,
digital.cabinet-office.gov.uk,1,
mgb.org,1,
ifpen.fr,1,
acadiau.ca,1,
cesbio.cnes.fr,1,
u-paris2.fr,1,
bath.edu,1,
jameshwade.com,1,
tecnun.es,1,
eng.jfn.ac.lk,1,
biologie.uni-freiburg.de,1,
RMPruzek.com,1,
DrDoane.com,1,
kau.in,1,
rowe-stats.com,1,
nii.ac.jp,1,
universityofgalway.ie,1,
cpjackson.net,1,
technion.ac.il,1,
smati.com.ng,1,
mpi.nl,1,
koeln.de,1,
dms.umontreal.ca,1,
radford.edu,1,
geogr.msu.ru,1,
imls.uzh.ch,1,
isric.org,1,
oda-groupe.com,1,
usav.org,1,
brevoort.com,1,
stu.hit.edu.cn,1,
mobilityinstitute.com,1,
ceit.es,1,
slmc.fr,1,
nuim.ie ,1,
naarm.org.in,1,
Hanseatic-Statistics.de,1,
math.uwaterloo.ca,1,
estudiantat.upc.edu,1,
efst.hr,1,
fastdatascience.com,1,
barreleye.com,1,
david-aurelio.com,1,
fashion.arts.ac.uk,1,
fws.gov,1,
cheysson.fr,1,
yitu-inc.com,1,
eea.europa.eu,1,
nie.edu.sg,1,
unimelb.edu,1,
petrobras.com.br,1,
kzoo.edu,1,
volny.cz,1,
igib.in,1,
whut.edu.cn,1,
plantandfood.co.nz,1,
tju.edu.cn,1,
soziologie.uni-muenchen.de,1,
phe.gov.uk,1,
emory.edu ,1,
svetlanasaarela.com,1,
unr.edu ,1,
gerad.ca,1,
unical.it,1,
agh.edu.pl,1,
aisportsfirm.com,1,
mail.ru,1,
anadolu.edu.tr,1,
quantoid.net,1,
sampo.ru,1,
thedatacollective.com.au,1,
vip.henu.edu.cn,1,
pknu.ac.kr,1,
soc.ucla.edu,1,
mailo.com,1,
ramboll.com,1,
toxstrategies.com,1,
icf.com,1,
friarswood.net,1,
luc.edu,1,
axpo.com,1,
holinger.com,1,
rockhead.biz,1,
asco.org,1,
correounivalle.edu.co,1,
mef.edu.tr,1,
eremrah.com,1,
ucol.mx,1,
donnachie.net,1,
jackwasey.com,1,
cbs.chula.ac.th,1,
prc.utexas.edu,1,
byui.edu,1,
johnbullock.org,1,
tcu.edu,1,
butler.edu,1,
chu-montpellier.fr,1,
pracownik.uwb.edu.pl,1,
digitalnature.ie,1,
rolandtanglao.com,1,
crans.org,1,
mayer-de.com,1,
cmap.polytechnique.fr,1,
uaeh.edu.mx,1,
immunomind.io,1,
zulutime.net,1,
outlook.cl,1,
nass.usda.gov,1,
depaul.edu,1,
med.uni-muenich.de,1,
finddx.org,1,
fli.de,1,
sinica.edu.tw,1,
bonitoo.io,1,
skarstein.no,1,
salford.ac.uk,1,
phd.iseg.ulisboa.pt,1,
alumni.iu.edu,1,
statistics.gr,1,
eled.duth.gr,1,
mines-ales.fr,1,
univ-paris13.fr,1,
s-hull.org,1,
artsdatabanken.no,1,
rescaleanalytics.com,1,
mpi-inf.mpg.de,1,
hec.com,1,
umn.ed,1,
humrro.org,1,
ip2location.io,1,
ip2whois.com,1,
fau.edu,1,
unikin.ac.cd,1,
tarphos.de,1,
math.kent.edu,1,
uscd.edu,1,
usn.ac.id,1,
act.org,1,
educ.umass.edu ,1,
mat.puc.cl,1,
mizumot.com,1,
chemistry.otago.ac.nz,1,
shh.mpg.de,1,
salesianer.de,1,
gobiernodecanarias.org,1,
bentley.edu,1,
student.jyu.fi,1,
tsei.se,1,
furne.net,1,
razi.ac.ir,1,
sorensonimpact.com,1,
iCloud.com,1,
plaxienko.com,1,
geo.umass.edu,1,
itemanalysis.com,1,
BCAMATH.ORG,1,
iima.ac.in,1,
seehuhn.de,1,
math.uni-giessen.de,1,
DFCI.HARVARD.EDU,1,
im.ufrj.br,1,
arvalisinstitutduvegetal.fr,1,
acta.asso.fr,1,
everlyrusher.com,1,
vtkellers.com,1,
bikbov.ru,1,
medizin.uni-leipzig.de,1,
edgecondition.com,1,
kongju.ac.kr,1,
fdi.ucm.es,1,
asitavsen.com,1,
su.se,1,
alum.utk.edu,1,
2718282.net,1,
esp.mr,1,
math.univ-toulouse.f,1,
usafa.edu,1,
ucc.ie,1,
cs.dartmouth.edu,1,
intven.com,1,
galton.uchicago.edu,1,
sirio.stat.unipd.it,1,
vivairauscedo.com,1,
lamin.ai,1,
mathematik.uni-marburg.de,1,
logarithmic.net,1,
waseda.jp,1,
lalovic.io,1,
pucmm.edu,1,
nebrija.es,1,
philips.com,1,
shsu.edu,1,
ubd.edu.bn,1,
dji.de,1,
kaldera.dev,1,
uesc.br,1,
ircm.qc.ca,1,
alumni.usp.br,1,
wzw.tum.de,1,
ug.edu.ec,1,
unimagdalena.edu.co,1,
helmholtz-munich.de,1,
alumni.ohsu.edu,1,
nathanchaney.com,1,
cura.info,1,
ea-aw.de,1,
famm.unze.ba,1,
soz.uni-frankfurt.de,1,
hfu.eu,1,
unisimon.edu.co,1,
gmit.ie,1,
dnalytics.com,1,
onf.fr,1,
yahoo.com.mx,1,
chapingo.mx,1,
linkedin.com,1,
martinbarner.de,1,
behaviorchange.eu,1,
RegionH.DK,1,
hohenfeld.is,1,
alu.ufc.br,1,
audencia.com,1,
hotmail.com.br,1,
feq.unicamp.br,1,
behrendt-stefan.de,1,
rose-hulman.edu,1,
scionresearch.com,1,
info.uaic.ro,1,
dcs.bbk.ac.uk,1,
univ-tlse2.fr,1,
sgh.waw.pl,1,
statdns.com,1,
bkw-fmb.ch,1,
musc.edu,1,
rmki.kfki.hu,1,
njue.edu.cn,1,
njau.edu.cn,1,
ua.es,1,
spatial-econometrics.com,1,
rickwargo.com,1,
utb.edu.co,1,
lasocietenouvelle.org,1,
puc.cl,1,
au.dk,1,
lk.net,1,
abv.bg,1,
usc.med.edu,1,
r-luminescence.org,1,
strategicarrow.com,1,
xmail.ncba.ac.cn,1,
uni-pr.edu,1,
isye.gatech.edu,1,
heor.co.uk,1,
yahoo.co.jp,1,
blm.io,1,
jhuapl.edu,1,
picb.ac.cn,1,
ecs.vuw.ac.nz,1,
dariusgoergen.com,1,
hope.edu,1,
staff.uni-marburg.de,1,
ebbert.nrw,1,
acasak.com,1,
klein.uk,1,
Gmail.com,1,
math.umaine.edu,1,
washjeff.edu,1,
ohana.org,1,
winstan.net,1,
atb-potsdam.de,1,
ufpi.edu.br,1,
hsu-hamburg.de,1,
montereycoe.org,1,
mathijsdeen.com,1,
rogers.com,1,
hotmail.es,1,
unibocconi.it ,1,
unilorin.edu.ng,1,
kwasu.edu.ng,1,
elff.eu,1,
rprimer.dk,1,
upstate.edu,1,
stud.uni-regensburg.de,1,
midohio.twcbc.com,1,
till-birkner.de,1,
stateofhealth.at,1,
bih-charite.de,1,
stud.uni-heidelberg.de,1,
med.uni-heidelberg.de,1,
iee.usp.br,1,
benhamner.com,1,
geosphere.at,1,
imaa.cnr.it,1,
mbalcilar.net,1,
buckeyemail.osu.edu,1,
maxar.com,1,
g.skku.edu,1,
mcri.edu.au,1,
iysik.com,1,
micro.ufrj.br,1,
psych.utoronto.ca,1,
uib.eu,1,
sandiego.edu,1,
demografia.hu,1,
mail.ncku.edu.tw,1,
ustp.edu.ph,1,
mtu.edu,1,
shufe.edu.cn,1,
unitn.eu,1,
mayesfield.uk,1,
menzies.edu.au,1,
iges.or.jp,1,
pari.u-tokyo.ac.jp,1,
ses.usp.ac.jp,1,
chino-js.com,1,
medma.uni-heidelberg.de,1,
guest.arnes.si,1,
fullerton.edu,1,
chu-poitiers.fr,1,
live.cn,1,
sjsu.edu,1,
sdsc.edu,1,
niu.edu,1,
ce.berkeley.edu,1,
made.com,1,
mail.tu-berlin.de,1,
buckeyemail.osu.eduwk,1,
konkuk.ac.kr,1,
maths.ox.ac.uk,1,
utk.edi,1,
hs-mittweida.de,1,
ratml.org,1,
itbhu.ac.in,1,
pearlmutter.net,1,
risk.ee,1,
jonan.info,1,
izbicki.me,1,
st.niituniversity.in,1,
assrc.us,1,
auth.gr,1,
emailplus.org,1,
shrit.me,1,
apanasov.org,1,
lambertsen.one,1,
mpopov.com,1,
math.uni-duesseldorf.de,1,
zmjones.com,1,
upkbs.ch,1,
mail.tsinghua.edu.cn,1,
tsi.lv,1,
pinpointstrategies.io,1,
uqu.edu.sa,1,
mzes.uni-mannheim.de,1,
plattsburgh.edu,1,
g.cofc.edu,1,
sparkfish.com,1,
snapfinance.com,1,
datarobot.com,1,
vizualytics.com,1,
cardio-care.ch,1,
utia.cas.cz,1,
cs.tsukuba.ac.jp,1,
ungrund.org,1,
soziologie.uzh.ch,1,
monetdbsolutions.com,1,
e.mail.de,1,
seattlebiostat.com,1,
wittesllc.com,1,
cararthompson.com,1,
hs-niederrhein.de,1,
savba.sk,1,
illionis.edu,1,
m-path.io,1,
brightskiesinc.com,1,
telenet.be,1,
usyd.edu.au,1,
oulu.fi,1,
quirin-stier.de,1,
icl.utk.edu,1,
stu.xjtu.edu.cn,1,
xjtu.edu.cn,1,
mh.org.au,1,
base2bio.com,1,
microstrategy.com,1,
nankai.edu.cn,1,
puzzledface.net,1,
bjfu.edu.cn,1,
akane.waseda.jp,1,
kemri-wellcome.org,1,
sas.com,1,
ubkv.ac.in,1,
it.uu.se,1,
cc.hawaii.edu,1,
trentu.ca,1,
dgp.toronto.edu,1,
tuck.dartmouth.edu,1,
toptal.com,1,
go2.pl,1,
99main.com,1,
hotmail.cl,1,
eco.uc3m.es,1,
juniata.edu,1,
uekat.pl,1,
student.tuwien.ac.at,1,
utalca.cl,1,
pa.gov,1,
practicalstats.com,1,
vch.ca,1,
okstate.edu,1,
nasdaq.com,1,
erciyes.edu.tr,1,
cgrb.oregonstate.edu,1,
inb.unam.mx,1,
hu.edu.pk,1,
cyrus.org,1,
amis.net,1,
hhl.de,1,
nytimes.com,1,
utsouthwestern.edu,1,
nemsqa.org,1,
greski.com,1,
kennesaw.edu,1,
statistika.its.ac.id,1,
alumni.augsburg.edu,1,
ht-data.com,1,
neptune.ai,1,
aivalley.com,1,
uonbi.ac.ke,1,
phd.units.it,1,
musayeva.net,1,
meidert.net,1,
bio.au.dk,1,
gradiant.org,1,
my.cityu.edu.hk,1,
parisgeo.cnrs.fr,1,
scs.kyushu-u.ac.jp,1,
zucchi.science,1,
cs.aau.dk,1,
nottshc.nhs.uk,1,
nuh.nhs.uk,1,
ioz.ac.cn,1,
ensg.inpl-nancy.fr,1,
univ-st-etienne.fr,1,
zamg.ac.at,1,
nixtla.io,1,
rush.edu,1,
utep.edu,1,
alumnos.unex.es,1,
alumni.umn.edu,1,
tpapak.com,1,
numeract.com,1,
coralvivo.org.br,1,
mhs.unsyiah.ac.id,1,
uop.gr,1,
toyota.com,1,
ens-rennes.fr,1,
cloudysky.eu,1,
ceu.es,1,
kist.re.kr,1,
correo.uady.mx,1,
novo-online.net,1,
epijim.uk,1,
nparks.gov.sg,1,
surrey.ac.uk,1,
isrt.ac.bd,1,
snapdragon.cc,1,
mtb.biglobe.ne.jp,1,
mail.ntcb.edu.tw,1,
kenyon.edu,1,
cs.cmu.edu,1,
bellsouth.net,1,
oskarkosch.com,1,
wilsonblack.nz,1,
unicredit.de,1,
unige.it,1,
skrey.net,1,
inecol.mx,1,
hsvab.eng.br,1,
gop.edu.tr,1,
gsa.gov,1,
plotandscatter.com,1,
victorson.se,1,
lees.org.uk,1,
heigit.org,1,
olink.com,1,
campanella.org,1,
oceannetworks.ca,1,
umn.edu')) Danielle Maeser [aut] (<https://orcid.org/0000-0002-3890-887X,1,
oncrawl.com,1,
univ-lemans.fr,1,
cconley.ca,1,
psb.ugent.be,1,
kuelpmann.org,1,
openblender.io,1,
alice-dsl.net,1,
eftas.com,1,
rocketmail.com,1,
tompisel.com,1,
spectral-cockpit.space,1,
schauberger.co.at,1,
lei.org.au,1,
ircres.cnr.it,1,
primachvis.com,1,
liu.se,1,
takeda.com,1,
stat.su.se,1,
planejamento.gov.br,1,
ge.imati.cnr.it,1,
instream.net,1,
mail.sdsu.edu,1,
seas.upenn.edu,1,
os.uk,1,
cos.io,1,
luminescence.de,1,
eng.ox.ac.uk,1,
eldjarn.net,1,
edc.europa.eu,1,
rhsmith.umd.edu,1,
cagua.co,1,
fhsu.edu,1,
sioc.ac.cn,1,
math.uni-heidelberg.de,1,
e.u-tokyo.ac.jp,1,
Princeton.edu,1,
alumni.imtlucca.it,1,
ur.de,1,
uni-saarland.de,1,
alexandereckert.com,1,
tech-advantage.com,1,
barna.be,1,
biostat.ucsf.edu,1,
yale.com,1,
ecn.ulaval.ca,1,
fabian-ball.de,1,
insight-centre.org,1,
wriwindber.org,1,
phystech.edu,1,
danforthcenter.org,1,
carolina.rr.com,1,
uncc.ecu,1,
unimore.it,1,
portlandoregon.gov,1,
childrenscolorado.org,1,
ufrrj.br,1,
embrapa.br,1,
wiwi.uni-bielefeld.de,1,
iseg.ulisboa.pt,1,
orgacuity.com,1,
math.ntua.gr,1,
luispedro.org,1,
ffi.no,1,
biochem.mpg.de,1,
mtec.ethz.ch,1,
emich.edu,1,
nenu.edu.cn,1,
alumni.caltech.edu,1,
macaulay.ac.uk,1,
utulsa.edu,1,
hevanet.com,1,
gc.cuny.edu,1,
cug.edu.cn,1,
affrc.go.jp,1,
nwafu.edu.cn,1,
siol.net,1,
luriechildrens.org,1,
niras.fi,1,
cnio.es,1,
scripps.edu,1,
lucasnell.com,1,
Vanderbilt.Edu,1,
AESOP.Rutgers.edu,1,
imb.uq.edu.au,1,
sqlite.org,1,
pzhao.net,1,
dfv.de,1,
student.uni-tuebingen.de,1,
bwi.uni-stuttgart.de,1,
igdore.org,1,
togaware.net,1,
hahsler.net,1,
gavincooper.net,1,
quantpharm.com,1,
pharmetheus.com,1,
gamil.com,1,
votamatic.org,1,
kentsjohnson.com,1,
ludens.elte.hu,1,
math.elte.hu,1,
pha.ulaval.ca,1,
inspq.qc.ca,1,
statfinn.com,1,
citytech.cuny.edu,1,
carnivoreconservation.org,1,
dlsu.edu.ph,1,
cesargamboasanabria.com,1,
vumc.nl,1,
chu-brest.fr,1,
univ-paris1.fr,1,
rics.bwh.harvard.edu,1,
unifal-mg.edu.br,1,
umich.edu ,1,
l2s.centralesupelec.fr,1,
zoologie.uni-hamburg.de,1,
agresearch.co.nz,1,
cell.uni-hannover.de,1,
windowslive.com,1,
phiz.c.u-tokyo.ac.jp,1,
ebsco.com,1,
uni.lodz.pl,1,
us.ibm.com,1,
stat.harvard.edu,1,
ysu.edu,1,
xavier.robin.name,1,
sintef.no,1,
kpn.com,1,
student.uhasselt,1,
andrewsosborne.com,1,
profinit.eu,1,
cispa.de,1,
alteryx.com,1,
itsallbroken.com,1,
fb.com,1,
northwewstern.edu,1,
bioacademy.gr,1,
g.holycross.edu,1,
uma.ac.ir,1,
igiltd.com,1,
fct.unl.com,1,
polsl.pl,1,
gsm.pku.edu.cn,1,
igbmc.fr,1,
psychmeta.com,1,
destatis.de,1,
hgvillalba.es,1,
student.uni.lu,1,
simonsfoundation.org,1,
keporterconsulting.com,1,
modelinggreatsolutions.com,1,
who-umc.org,1,
ejstrud.com,1,
stat.gl,1,
juntadeandalucia.es,1,
umin.net,1,
keene.edu,1,
fmi.unibuc.ro,1,
unilu.ch,1,
ihc.com,1,
uvas.edu.pk,1,
postech.ac.kr,1,
kaleco.net,1,
ufs.br,1,
r-qgg.org,1,
mbg.au.dk,1,
iamo.de,1,
qpharmetra.com,1,
gva.es,1,
aggienetwork.com,1,
muscardinus.be,1,
mail.colostate.edu,1,
knust.edu.gh,1,
hanyang.ac.kr,1,
quandl.com,1,
quanteda.org,1,
kingcounty.gov,1,
ncsu.edu  ,1,
nw-fva.de,1,
live.at,1,
njnu.edu.cn,1,
aiu.ac.jp,1,
users.sf.net,1,
eead.csic.es,1,
stephaniekirmer.com,1,
lpzoo.org,1,
hinrichsenenvironmental.com,1,
evolbio.mpg.de,1,
marusinec.sk,1,
mail.ecc.u-tokyo.ac.jp,1,
amcharts.com,1,
tomalexander.co.nz,1,
ColoState.EDU,1,
kogalur.com,1,
sruc.ac.uk,1,
wv.gov,1,
susaenergy.com,1,
jgaeb.com,1,
urbmet.com,1,
nhcweb.com,1,
raven-computing.com,1,
PirateGrunt.com,1,
Be-Logical.nl,1,
idi.ntnu.no,1,
dote.ru,1,
iphc.cnrs.fr,1,
suiji.org,1,
iarc.fr,1,
ifor.math.ethz.ch,1,
vgt.vito.be,1,
kappa-mm.de,1,
b8000h.org,1,
famaf.unc.edu.ar,1,
xzhmu.edu.cn,1,
chasen.org,1,
gdph.org.cn,1,
iknl.nl,1,
quants.ch,1,
todorov.at,1,
cepremap.org,1,
my.fsu.edu,1,
mcdonalddatasciences.com,1,
wyo.gov,1,
mcdcentral.org,1,
openmailbox.org,1,
dahl-jacobsen.dk,1,
nousgroup.com.au,1,
nab.com.au,1,
geo.uni-frankfurt.de,1,
fs.uni-lj.si,1,
receptiviti.com,1,
pierre-fabre.com,1,
peterhurford.com,1,
diegoscardoso.com,1,
bfh.ch,1,
flightweb.com,1,
insmet.cu,1,
czechglobe.cz,1,
k-state.edu,1,
IEEE.org,1,
pedroinnecco.com,1,
trillium.de,1,
sergas.es,1,
nyspi.columbia.edu,1,
uni-wh.de,1,
oneoverx.eu,1,
wi.jlug.de,1,
hernandez.ai,1,
protocolvital.info,1,
imedacs.com,1,
hs-osnabrueck.de,1,
mongeau.net,1,
systemsbiomed.org,1,
sympatico.ca,1,
maine.edu,1,
astellas.com,1,
bikeactuary.com,1,
psu.ac.th,1,
unibas.it,1,
medicalschool-berlin.de,1,
fss.muni.cz,1,
mail.muni.cz,1,
fca.unju.edu.ar,1,
hotmail.dk,1,
douglas.science,1,
unamur.be,1,
telematique.eu,1,
"northwestern.edu', role = c('aut'), comment = c(ORCID = ",1,
"cuanschutz.edu', role = c('cre', 'aut'), comment = c(ORCID = ",1,
southeastern.edu,1,
szeredi.hu,1,
math.utk.edu,1,
andythomason.com,1,
toxcel.com,1,
uni-bayreuth.de,1,
irisa.fr,1,
amossys.fr,1,
evolutics.info,1,
gbif.org,1,
upch.pe,1,
jhpoelen.nl,1,
krugs.de,1,
osgeo.org,1,
nougat.ai,1,
fixedpoint.jp,1,
ki.rim.or.jp,1,
mni.thm.de,1,
monashhealth.org,1,
acis.ufl.edu,1,
ion.ac.cn,1,
member.fsf.org,1,
babraham.ac.uk,1,
biobits.be,1,
med.nyu.edu,1,
ecb.int,1,
uoeld.ac.ke,1,
labkey.com,1,
bioquant.uni-heidelberg.de,1,
comp.hkbu.edu.hk,1,
haveneer.com,1,
uchicago.bsd,1,
cs.berkeley.edu,1,
jongbin.com,1,
dsi.uminho.pt,1,
lebret.ch,1,
univ-lille1.fr,1,
grad.moore.sc.edu ,1,
pol.una.py,1,
immun.lth.se,1,
altumrete.com,1,
ens.fr,1,
silentspring.org,1,
usanpn.org,1,
seznam.cz,1,
obis.org,1,
flatironinstitute.org,1,
edhec.edu,1,
mate.unlp.edu.ar,1,
live.com.pt,1,
fr33.net,1,
sapiens-solutions.com,1,
calicolabs.com,1,
fire.ly,1,
rosette.com,1,
unmsm.edu.pe,1,
catie.ac.cr,1,
bio.ens.psl.eu,1,
syonic.eu,1,
amath.washington.edu,1,
kruchten.com,1,
haverford.edu,1,
lijiayu.net,1,
sci.u-toyama.ac.jp,1,
stat.math.ethz.ch ,1,
yahoo.com.hk,1,
unior.it,1,
inf.unibz.it,1,
insileco.io,1,
lenacoll.de,1,
fzi.de,1,
nicebread.de,1,
op.pl,1,
ib.usp.br,1,
tuni.fi,1,
neh.gov,1,
promidat.com,1,
fisika.ui.ac.id,1,
upatras.gr,1,
unipi.gr,1,
aybek.net,1,
krtk.hu,1,
waebers.de,1,
rn.dk,1,
swi-prolog.org,1,
eoda.de,1,
mozmail.com,1,
treasure-data.com,1,
idiv-biodiversity.de,1,
eleve.ensai.fr,1,
ivt.baug.ethz.ch,1,
student.lu.se,1,
uok.ac.ir,1,
rupertoverall.net,1,
cbs.nl,1,
ctu.dk,1,
soft-fx.lv,1,
epigenomics.com,1,
lysis-consultants.fr,1,
saul.pw,1,
wondersgroup.com,1,
RJH.COM.CN,1,
cpan.org,1,
drakeresearchlab.com,1,
iusb.edu,1,
mail.um.ac.ir,1,
samplics.org,1,
trutschnig.net,1,
jasp-stats.org,1,
sfr.fr,1,
math.kyushu-u.ac.jp,1,
yukon.ca,1,
math.utexas.edu,1,
biologie.uni-marburg.de,1,
quantos.mx,1,
go.ugr.es,1,
gfz-potsdam.de,1,
murtaza.cc,1,
ciad.mx,1,
slf.ch,1,
math.univ-lyon1.fr,1,
cicese.mx,1,
student.tugraz.at,1,
tugraz.at,1,
know-center.at,1,
ioz.ac.uk,1,
wistron.com,1,
cs.duke.edu,1,
wangemail.com,1,
colgate.edu,1,
univ-montp3.fr,1,
oceanx.org,1,
nevada.unr.edu,1,
holoborodko.com,1,
ncmm.uio.no,1,
dsm.com,1,
ucv.es,1,
cmh.edu,1,
cas.au.dk,1,
list.au.dk,1,
cdisc.org,1,
ttsi.com.pl,1,
knappconsultingllc.com,1,
hotmail.de,1,
napier.ac.uk,1,
bit.uni-bonn.de,1,
normale.fr,1,
vip.qq.com,1,
adsc.com.sg,1,
pioneer.com,1,
allenai.org,1,
ggdwestbrabant.nl,1,
labcorp.com,1,
geometrian.com,1,
ChristensenStatistics.dk,1,
aigora.com,1,
nproellochs.com,1,
sfeuerriegel.com,1,
jcpsantiago.xyz,1,
billie.io,1,
AGR.GC.CA,1,
esan.edu.pe,1,
unf.edu,1,
timvanerven.nl,1,
ufop.edu.br,1,
maslab.aitech.ac.jp,1,
nibs.ac.cn,1,
nju.edu.cn,1,
gavg712.com,1,
cray.com,1,
wpafb.af.mil,1,
52north.org,1,
globalfishingwatch.org,1,
nciea.com,1,
student.ubc.ca,1,
filpro.io,1,
yahoo.pl,1,
adebayosegun.com,1,
datalab.nl,1,
alphacruncher.hu,1,
wojtekmaj.pl,1,
justice.gov.uk,1,
eng.hokudai.ac.jp,1,
patricecote.com,1,
dreamRs.fr,1,
hypebright.nl,1,
geociencias.unam.mx,1,
yahoo.in,1,
gradcenter.cuny.edu,1,
eligrey.com,1,
carina.uberspace.de,1,
thothal.at,1,
psb.vib-ugent.be,1,
qmed.ca,1,
g.ntu.edu.tw,1,
live.ca,1,
matstat.lu.se,1,
amib.rub-uni-bochum.de,1,
univ-tam.dz,1,
usthb.dz,1,
bates.edu,1,
math.wm.edu,1,
nvidia.com,1,
simulistics.com,1,
daviddernoncourt.com,1,
igc.gulbenkian.pt,1,
unitelmasapienza.it,1,
simularia.it,1,
binf.ku.dk,1,
weinreich.fr,1,
hermes.cam.ac.uk,1,
ppi.de,1,
ifsc.edu.br,1,
sitmo.com,1,
lcano.com,1,
pssjd.org,1,
alumni.uwaterloo.ca,1,
svi.edu.au,1,
connorkirkpatrick.com,1,
TheFarmersDog.com,1,
genzentrum.lmu.de,1,
hotmail,1,
uefs.br,1,
cf.ac.uk,1,
puc-rio.br,1,
peddie.org,1,
reinholdkoch.com,1,
icm.unicancer.fr,1,
mail.uni-paderborn.de,1,
ss.nanzan-u.ac.jp,1,
silviamartens.net,1,
soest.hawaii.edu,1,
dauphine.eu,1,
lamsade.dauphine.fr,1,
precisionformedicine.com,1,
ulg.ac.be,1,
stat.uconn.edu,1,
ccia.org.au,1,
atass-sports.co.uk,1,
MatthiasHeymann.de,1,
cogsci.se,1,
mail.ynu.edu.cn,1,
lakeheadu.ca,1,
enseeiht.fr,1,
imm.dtu.dk,1,
bernardsilverman.co.uk,1,
tedlab.mit.edu,1,
univ-tours.fr,1,
mat.uji.es,1,
shahroodut.ac.ir,1,
ec-nantes.fr,1,
kau.se,1,
ucn.cl,1,
doc.govt.nz,1,
dcon.addy.io,1,
underused.org,1,
"gmail.com', role = c(",1,
alumni.cmu.edu,1,
litg.de,1,
sicyon.com,1,
phhp.ufl.edu,1,
yeo.id.au,1,
dim.uchile.cl,1,
cbnu.ac.kr,1,
dshs-koeln.de,1,
med.lu.se,1,
email.cz,1,
u.rochester.edu,1,
dataupsurge.com,1,
zsmr.uk,1,
email.wm.edu,1,
okologia.mta.hu,1,
smoothregression.com,1,
csala.me,1,
julius-kuehn.de,1,
pissonconsulting.ca,1,
yu.edu,1,
montclair.edu,1,
environmetrics.net.au,1,
mauritskaptein.com,1,
enesmerida.unam.mx,1,
concordia.ca,1,
oit.ac.jp,1,
stat.ucl.ac.be,1,
mail.ryukoku.ac.jp,1,
imag.fr,1,
mpcdf.mpg.de,1,
hochschule-rhein-waal.de,1,
marionhealth.org,1,
nikitoshina.com,1,
path.org,1,
stenci.la,1,
liv.ac.uk,1,
rothamsted.ac.uk,1,
nifty.com,1,
blackbawks.net,1,
dmpstats.com,1,
bto.org,1,
uhi.ac.uk,1,
foundryspatial.com,1,
ku.edu.np,1,
comcast.net,1,
email.wcu.edu,1,
intermountainmail.org,1,
maths.lth.se,1,
sckcen.be,1,
umoncton.ca,1,
calstatela.edu,1,
iuav.it,1,
guerincreative.com,1,
postgrad.curtin.edu.au,1,
hunnu.edu.cn,1,
upd.unibe.ch,1,
mdowle.plus.com,1,
math.binghamton.edu,1,
csuohio.edu,1,
limno.com,1,
sccwrp.org,1,
inventati.org,1,
rvc.ac.uk,1,
utmachala.edu.ec,1,
olihawkins.com,1,
wenchel.com,1,
emvt.net,1,
imbe.fr,1,
uazuay.edu.ec,1,
stat.nycu.edu.tw,1,
umit-tirol.at,1,
zzu.edu.cn,1,
math.tamu.edu,1,
fpsct.org,1,
cpp.edu,1,
tej.com.tw,1,
esassoc.com,1,
etudiant.univ-rennes.fr,1,
etudiant.univ-rennes1.fr,1,
vwl.uni-due.de,1,
tessella.com,1,
iztacala.unam.mx,1,
iecologia.unam.mx,1,
gm.ntpu.edu.tw,1,
srcentre.com.au,1,
alexmed.edu.eg,1,
jads.nl,1,
lehigh.edu,1,
drdoane.com,1,
tensorflow.org,1,
iitg.ac.in,1,
chula.ac.th,1,
norival.dev,1,
ru.ac.za,1,
edutoolbox.de,1,
"poczta.fm', role = c(",1,
"interia.pl', role = c(",1,
bodwin.us,1,
solucionsdedades.cat,1,
med.niigata-u.ac.jp,1,
econ.ku.dk,1,
ru.is,1,
zew.de,1,
hci.utah.edu,1,
erick.so,1,
rladies.org,1,
transloc.com,1,
covimo.de,1,
dslc.io,1,
cci.tn.it,1,
georgetowncollege.edu,1,
csun.edu,1,
unido.org,1,
shmonk.com,1,
nickbearman.com,1,
cal.berkeley.edu,1,
leibniz-ipn.de,1,
medunigraz.at,1,
unad.edu.co,1,
coreofscience.com,1,
eateggs.com,1,
shu.edu.cn,1,
openriskcalculator.com,1,
ununoctium.dev,1,
hsc.pku.edu.cn,1,
mail.nankai.edu.cn,1,
traveltime.com,1,
hswt.de,1,
magiclogic.com,1,
clear-code.com,1,
math.tsukuba.ac.jp,1,
sanchikanri.com,1,
discente.ufg.br,1,
niehs.nih.gov,1,
campus.ul.pt,1,
sunrise.ch,1,
anc.ed.ac.uk,1,
stams.strath.ac.uk,1,
idfg.idaho.gov,1,
lip6.fr,1,
uog.edu.pk,1,
altfeld-im.de,1,
link.cuhk.edu.cn,1,
dia.uned.es,1,
trapletti.org,1,
tacindex.com,1,
soc.duke.edu,1,
hs-ruhrwest.de,1,
svetunkov.ru,1,
faea.uncoma.edu.ar,1,
lazaridis.eu,1,
wiwi.uni-goettingen.de,1,
codowd.com,1,
openbiox.com,1,
mails.ucas.edu.cn,1,
em.uni-frankfurt.de,1,
linusseelinger.de,1,
cs.ucla.edu,1,
correltech.hu,1,
cslbehring.com,1,
monkeycycle.org,1,
sev-in.ru,1,
openintro.org,1,
sfuhs.org,1,
math.csi.cuny.edu,1,
moeding.net,1,
dilorenzo.org,1,
maths.cam.ac.uk,1,
thunk.org,1,
student.adelaide.edu.au,1,
validmind.ai,1,
wu-wien.ac.at,1,
hkbu.edu.sa,1,
outlook.jp,1,
kaist.edu,1,
pa.uc3m.es,1,
iiitmk.ac.in,1,
henryspatialanalysis.com,1,
ars.usda.gov,1,
viascientific.com,1,
johnmaddock.co.uk,1,
dauphine.psl.eu,1,
wifa.uni-leipzig.de,1,
uagro.mx,1,
gmail,1,
eri.u-tokyo.ac.jp,1,
chu-reunion.fr,1,
richtej.de,1,
mathematica-mpr.com,1,
viktor-bozhinov.de,1,
Murdoch.edu.au,1,
dpaw.wa.gov.au,1,
student.uma.pt,1,
alu.ruc.edu.cn,1,
burgard.online,1,
evidera.com,1,
usz.edu.pl,1,
validinternational.org,1,
flowwest.com,1,
ehu.es,1,
stratigraphy.eu,1,
tealinsights.com,1,
rbaranowski.com,1,
gmail.com),1,
sac.isro.gov.in,1,
fudan.edu.cn ,1,
unisq.edu.au,1,
g.clemson.edu,1,
mpusp.mpg.de,1,
scilifelab.se,1,
whoi.edu,1,
Harvard.edu,1,
avdataanalytics.com.au,1,
polsci.ucsb.edu,1,
data-fittery.ch,1,
math.mit.edu,1,
swansea.ac.uk,1,
rotman.utoronto.ca,1,
students.harker.org,1,
eah-jena.de,1,
wiwi.uni-halle.de,1,
fosstodon.org,1,
chesapeakebay.net,1,
busjahn.net,1,
torresirribarra.me,1,
api.uniovi.es,1,
unige.dot.ch,1,
oaiti.org,1,
phd.unipd.it,1,
u-pem.fr,1,
mhc.ab.ca,1,
sicarul.com,1,
wvdboom.nl,1,
up.edu.mx,1,
mavs.uta.edu,1,
stjohns.edu,1,
market-bridge.com,1,
chu-lyon.fr,1,
bethbio.com,1,
link.cuhk.edu.hk,1,
biostatstudio.com,1,
ac.upc.edu,1,
semjon-geist.de,1,
schoolph.umass.edu,1,
academics.udg.mx,1,
arch.ox.ac.uk,1,
imf.csic.es,1,
